Player,Team,Year,Conf,Age,Career,Games,MP,PTS,FG,FGA,FG%,3P,3PA,3P%,FT,FTA,FT%,ORB,DRB,TRB,AST,STL,BLK,TOV,PF,MPpg,PTSpg,FGpg,3Ppg,FTpg,ORBpg,DRBpg,TRBpg,ASTpg,STLpg,BLKpg,TOVpg,PFpg,Target
A.J. Hammons,DAL,2016,WEST,24,1,22,163,48,17,42,0.405,5,10,0.5,9,20,0.45,8,28,36,4,1,13,10,21,7.41,2.2,0.77,0.23,0.41,0.36,1.27,1.6,0.2,0.05,0.59,0.45,0.95,0
Aaron Gordon,ORL,2014,EAST,19,8,47,797,243,93,208,0.447,13,48,0.271,44,61,0.721,46,123,169,33,21,22,38,83,16.96,5.2,1.98,0.28,0.94,0.98,2.62,3.6,0.7,0.45,0.47,0.81,1.77,1
Aaron Harrison,CHO,2015,EAST,21,3,21,93,18,5,19,0.263,3,10,0.3,5,12,0.417,4,11,15,2,6,0,4,10,4.43,0.9,0.24,0.14,0.24,0.19,0.52,0.7,0.1,0.29,0,0.19,0.48,1
Aaron Holiday,IND,2018,EAST,22,4,50,646,294,105,262,0.401,43,127,0.339,41,50,0.82,5,62,67,87,21,13,40,71,12.92,5.9,2.1,0.86,0.82,0.1,1.24,1.3,1.7,0.42,0.26,0.8,1.42,1
Aaron Jackson,HOU,2018,EAST,31,1,1,35,8,3,9,0.333,1,4,0.25,1,2,0.5,2,1,3,1,0,0,1,4,35,8,3,1,1,2,1,3,1,0,0,1,4,0
Abdel Nader,BOS,2017,EAST,24,5,48,522,146,50,149,0.336,23,65,0.354,23,39,0.59,13,58,71,26,15,10,34,45,10.88,3,1.04,0.48,0.48,0.27,1.21,1.5,0.5,0.31,0.21,0.71,0.94,1
Adonis Thomas,ORL,2014,EAST,20,1,6,37,14,6,14,0.429,1,5,0.2,1,1,1,0,3,3,3,0,0,1,6,6.17,2.3,1,0.17,0.17,0,0.5,0.5,0.5,0,0,0.17,1,0
Adreian Payne,ATL,2014,EAST,23,4,32,739,213,91,220,0.414,1,9,0.111,30,46,0.652,48,114,162,30,19,9,44,88,23.09,6.7,2.84,0.03,0.94,1.5,3.56,5.1,0.9,0.59,0.28,1.38,2.75,1
Alan Williams,PHO,2016,WEST,23,4,10,68,29,10,24,0.417,0,0,0,9,14,0.643,14,24,38,5,4,5,6,15,6.8,2.9,1,0,0.9,1.4,2.4,3.8,0.5,0.4,0.5,0.6,1.5,1
Alec Peters,PHO,2017,WEST,22,1,20,225,82,28,74,0.378,18,58,0.31,8,10,0.8,8,29,37,12,2,2,4,13,11.25,4.1,1.4,0.9,0.4,0.4,1.45,1.9,0.6,0.1,0.1,0.2,0.65,0
Alex Caruso,LAL,2017,WEST,23,5,37,562,134,50,116,0.431,13,43,0.302,21,30,0.7,15,50,65,75,23,10,42,52,15.19,3.6,1.35,0.35,0.57,0.41,1.35,1.8,2,0.62,0.27,1.14,1.41,1
Alex Kirk,CLE,2014,EAST,23,1,5,14,4,1,4,0.25,0,0,0,2,2,1,1,0,1,1,0,0,0,1,2.8,0.8,0.2,0,0.4,0.2,0,0.2,0.2,0,0,0,0.2,0
Alex Len,PHO,2013,WEST,20,9,42,362,86,33,78,0.423,0,0,0,20,31,0.645,39,60,99,4,4,18,26,68,8.62,2,0.79,0,0.48,0.93,1.43,2.4,0.1,0.1,0.43,0.62,1.62,1
Alex Poythress,PHI,2017,EAST,23,3,6,157,64,25,54,0.463,6,19,0.316,8,10,0.8,11,18,29,5,3,2,3,14,26.17,10.7,4.17,1,1.33,1.83,3,4.8,0.8,0.5,0.33,0.5,2.33,1
Alfonzo McKinnie,TOR,2017,EAST,25,5,14,53,21,8,15,0.533,3,9,0.333,2,3,0.667,1,6,7,1,1,1,3,8,3.79,1.5,0.57,0.21,0.14,0.07,0.43,0.5,0.1,0.07,0.07,0.21,0.57,1
Alize Johnson,IND,2018,EAST,22,4,14,64,13,4,16,0.25,1,2,0.5,4,8,0.5,4,15,19,1,1,3,0,7,4.57,0.9,0.29,0.07,0.29,0.29,1.07,1.4,0.1,0.07,0.21,0,0.5,1
Allen Crabbe,POR,2013,WEST,21,7,15,100,33,12,33,0.364,6,14,0.429,3,4,0.75,1,8,9,6,2,1,3,10,6.67,2.2,0.8,0.4,0.2,0.07,0.53,0.6,0.4,0.13,0.07,0.2,0.67,1
Allonzo Trier,NYK,2018,EAST,23,2,64,1459,695,232,518,0.448,52,132,0.394,179,223,0.803,31,166,197,119,28,14,116,117,22.8,10.9,3.62,0.81,2.8,0.48,2.59,3.1,1.9,0.44,0.22,1.81,1.83,0
Amile Jefferson,ORL,2018,EAST,25,2,12,68,27,10,16,0.625,0,0,0,7,8,0.875,6,15,21,3,3,3,1,8,5.67,2.3,0.83,0,0.58,0.5,1.25,1.8,0.3,0.25,0.25,0.08,0.67,0
Andre Dawkins,MIA,2014,EAST,23,1,4,22,3,1,6,0.167,1,6,0.167,0,0,0,0,2,2,1,0,0,1,3,5.5,0.8,0.25,0.25,0,0,0.5,0.5,0.3,0,0,0.25,0.75,0
Andre Ingram,LAL,2018,WEST,32,2,2,64,24,8,17,0.471,5,9,0.556,3,3,1,1,5,6,7,3,3,3,3,32,12,4,2.5,1.5,0.5,2.5,3,3.5,1.5,1.5,1.5,1.5,0
Andre Roberson,OKC,2013,WEST,22,7,40,399,75,33,68,0.485,2,13,0.154,7,10,0.7,36,58,94,15,19,10,19,74,9.98,1.9,0.82,0.05,0.18,0.9,1.45,2.4,0.4,0.48,0.25,0.48,1.85,1
Andrew Harrison,MEM,2016,WEST,22,3,72,1474,425,117,360,0.325,43,156,0.276,148,194,0.763,23,113,136,198,53,21,85,194,20.47,5.9,1.62,0.6,2.06,0.32,1.57,1.9,2.8,0.74,0.29,1.18,2.69,1
Andrew Wiggins,MIN,2014,EAST,19,8,82,2969,1387,497,1137,0.437,39,126,0.31,354,466,0.76,134,240,374,170,86,50,177,190,36.21,16.9,6.06,0.48,4.32,1.63,2.93,4.6,2.1,1.05,0.61,2.16,2.32,1
Anthony Bennett,CLE,2013,EAST,20,4,52,663,217,80,225,0.356,13,53,0.245,44,69,0.638,49,106,155,17,21,8,47,93,12.75,4.2,1.54,0.25,0.85,0.94,2.04,3,0.3,0.4,0.15,0.9,1.79,1
Anthony Brown,LAL,2015,WEST,23,3,29,599,115,39,126,0.31,20,70,0.286,17,20,0.85,9,61,70,19,14,5,15,34,20.66,4,1.34,0.69,0.59,0.31,2.1,2.4,0.7,0.48,0.17,0.52,1.17,1
Antonio Blakeney,CHI,2017,EAST,21,2,19,314,151,53,143,0.371,15,52,0.288,30,39,0.769,4,29,33,20,7,1,11,19,16.53,7.9,2.79,0.79,1.58,0.21,1.53,1.7,1.1,0.37,0.05,0.58,1,0
Antonius Cleveland,DAL,2017,WEST,23,2,17,123,23,8,21,0.381,3,4,0.75,4,6,0.667,3,11,14,2,7,5,7,23,7.24,1.4,0.47,0.18,0.24,0.18,0.65,0.8,0.1,0.41,0.29,0.41,1.35,0
Archie Goodwin,PHO,2013,WEST,19,4,52,533,194,76,167,0.455,5,36,0.139,37,55,0.673,25,62,87,20,20,11,44,45,10.25,3.7,1.46,0.1,0.71,0.48,1.19,1.7,0.4,0.38,0.21,0.85,0.87,1
B.J. Johnson,ATL,2019,EAST,23,3,7,49,23,9,18,0.5,3,7,0.429,2,2,1,2,6,8,0,2,0,2,4,7,3.3,1.29,0.43,0.29,0.29,0.86,1.1,0,0.29,0,0.29,0.57,1
Ben Bentil,DAL,2017,WEST,21,1,3,10,0,0,3,0,0,1,0,0,0,0,0,2,2,0,0,0,1,1,3.33,0,0,0,0,0,0.67,0.7,0,0,0,0.33,0.33,0
Ben McLemore,SAC,2013,WEST,20,9,82,2187,720,255,679,0.376,95,297,0.32,115,143,0.804,53,182,235,82,45,18,96,201,26.67,8.8,3.11,1.16,1.4,0.65,2.22,2.9,1,0.55,0.22,1.17,2.45,1
Ben Moore,IND,2018,EAST,22,1,2,9,0,0,0,0,0,0,0,0,0,0,0,1,1,1,0,0,0,4,4.5,0,0,0,0,0,0.5,0.5,0.5,0,0,0,2,0
Ben Simmons,PHI,2017,EAST,21,4,81,2732,1279,544,998,0.545,0,11,0,191,341,0.56,145,514,659,661,140,70,278,211,33.73,15.8,6.72,0,2.36,1.79,6.35,8.1,8.2,1.73,0.86,3.43,2.6,1
Bobby Portis,CHI,2015,EAST,20,7,62,1102,436,186,436,0.427,16,52,0.308,48,66,0.727,123,214,337,52,25,22,54,100,17.77,7,3,0.26,0.77,1.98,3.45,5.4,0.8,0.4,0.35,0.87,1.61,1
Bonzie Colson,MIL,2019,EAST,23,1,8,98,39,13,39,0.333,5,21,0.238,8,9,0.889,8,22,30,3,5,1,3,3,12.25,4.9,1.62,0.62,1,1,2.75,3.8,0.4,0.62,0.12,0.38,0.38,0
Branden Dawson,LAC,2015,WEST,22,1,6,29,5,2,5,0.4,0,0,0,1,1,1,2,2,4,0,0,1,0,2,4.83,0.8,0.33,0,0.17,0.33,0.33,0.7,0,0,0.17,0,0.33,0
Brandon Davies,PHI,2013,EAST,22,2,51,575,144,54,128,0.422,2,10,0.2,34,53,0.642,38,71,109,28,24,8,35,92,11.27,2.8,1.06,0.04,0.67,0.75,1.39,2.1,0.5,0.47,0.16,0.69,1.8,0
Brandon Goodwin,DEN,2018,WEST,23,4,16,57,23,6,23,0.261,2,6,0.333,9,11,0.818,1,2,3,14,0,0,3,7,3.56,1.4,0.38,0.12,0.56,0.06,0.12,0.2,0.9,0,0,0.19,0.44,1
Brandon Ingram,LAL,2016,WEST,19,6,79,2279,740,276,686,0.402,55,187,0.294,133,214,0.621,60,256,316,166,50,36,116,158,28.85,9.4,3.49,0.7,1.68,0.76,3.24,4,2.1,0.63,0.46,1.47,2,1
Brandon Paul,SAS,2017,WEST,26,1,64,576,147,55,127,0.433,15,54,0.278,22,43,0.512,6,62,68,37,25,7,29,58,9,2.3,0.86,0.23,0.34,0.09,0.97,1.1,0.6,0.39,0.11,0.45,0.91,0
Brandon Sampson,CHI,2019,EAST,21,1,14,214,71,28,60,0.467,11,29,0.379,4,6,0.667,3,13,16,10,8,3,12,19,15.29,5.1,2,0.79,0.29,0.21,0.93,1.1,0.7,0.57,0.21,0.86,1.36,0
Briante Weber,MEM,2016,WEST,23,3,7,169,31,14,39,0.359,0,5,0,3,4,0.75,8,17,25,21,9,3,9,12,24.14,4.4,2,0,0.43,1.14,2.43,3.6,3,1.29,0.43,1.29,1.71,1
Brice Johnson,LAC,2017,WEST,22,2,3,9,4,2,7,0.286,0,0,0,0,0,0,1,2,3,1,2,1,1,0,3,1.3,0.67,0,0,0.33,0.67,1,0.3,0.67,0.33,0.33,0,0
Bruce Brown,DET,2018,EAST,22,4,74,1449,319,125,314,0.398,24,93,0.258,45,60,0.75,48,137,185,91,40,36,46,178,19.58,4.3,1.69,0.32,0.61,0.65,1.85,2.5,1.2,0.54,0.49,0.62,2.41,1
Bryce Cotton,UTA,2015,WEST,22,2,15,159,80,29,69,0.42,7,20,0.35,15,18,0.833,3,15,18,15,4,0,12,6,10.6,5.3,1.93,0.47,1,0.2,1,1.2,1,0.27,0,0.8,0.4,0
Bryce Dejean-Jones,NOP,2016,WEST,23,1,14,279,79,28,69,0.406,12,32,0.375,11,21,0.524,8,40,48,15,10,2,11,17,19.93,5.6,2,0.86,0.79,0.57,2.86,3.4,1.1,0.71,0.14,0.79,1.21,0
Bryn Forbes,SAS,2016,WEST,23,6,36,285,94,36,99,0.364,17,53,0.321,5,6,0.833,2,21,23,23,1,0,11,20,7.92,2.6,1,0.47,0.14,0.06,0.58,0.6,0.6,0.03,0,0.31,0.56,1
Buddy Hield,NOP,2016,WEST,24,6,82,1888,866,327,767,0.426,148,379,0.391,64,76,0.842,35,234,269,121,38,9,101,115,23.02,10.6,3.99,1.8,0.78,0.43,2.85,3.3,1.5,0.46,0.11,1.23,1.4,1
C.J. Wilcox,LAC,2014,WEST,24,3,21,101,41,16,38,0.421,7,19,0.368,2,2,1,1,6,7,8,3,1,10,7,4.81,2,0.76,0.33,0.1,0.05,0.29,0.3,0.4,0.14,0.05,0.48,0.33,1
Caleb Swanigan,POR,2017,WEST,20,3,27,189,61,24,60,0.4,1,8,0.125,12,18,0.667,15,39,54,14,5,3,18,37,7,2.3,0.89,0.04,0.44,0.56,1.44,2,0.5,0.19,0.11,0.67,1.37,1
Cameron Bairstow,CHI,2014,EAST,24,2,18,64,10,3,14,0.214,0,0,0,4,5,0.8,6,2,8,1,2,1,3,8,3.56,0.6,0.17,0,0.22,0.33,0.11,0.4,0.1,0.11,0.06,0.17,0.44,0
Cameron Payne,OKC,2015,WEST,21,7,57,698,283,114,278,0.41,36,111,0.324,19,24,0.792,9,76,85,108,36,6,44,80,12.25,5,2,0.63,0.33,0.16,1.33,1.5,1.9,0.63,0.11,0.77,1.4,1
Cameron Reynolds,MIN,2019,EAST,23,2,19,259,95,33,78,0.423,21,51,0.412,8,9,0.889,4,27,31,13,6,2,5,26,13.63,5,1.74,1.11,0.42,0.21,1.42,1.6,0.7,0.32,0.11,0.26,1.37,0
Caris LeVert,BRK,2016,EAST,22,6,57,1237,468,171,380,0.45,59,184,0.321,67,93,0.72,23,165,188,110,49,8,59,91,21.7,8.2,3,1.04,1.18,0.4,2.89,3.3,1.9,0.86,0.14,1.04,1.6,1
Carrick Felix,CLE,2013,EAST,23,1,7,38,19,7,14,0.5,2,5,0.4,3,4,0.75,1,5,6,4,0,0,4,4,5.43,2.7,1,0.29,0.43,0.14,0.71,0.9,0.6,0,0,0.57,0.57,0
Chandler Hutchison,CHI,2018,EAST,22,4,44,895,229,96,209,0.459,14,50,0.28,23,38,0.605,31,154,185,34,23,6,25,59,20.34,5.2,2.18,0.32,0.52,0.7,3.5,4.2,0.8,0.52,0.14,0.57,1.34,1
Charles Cooke,NOP,2017,WEST,23,1,13,38,6,2,14,0.143,1,8,0.125,1,2,0.5,0,2,2,1,1,0,1,0,2.92,0.5,0.15,0.08,0.08,0,0.15,0.2,0.1,0.08,0,0.08,0,0
Chasson Randle,PHI,2017,EAST,23,4,26,299,137,40,98,0.408,16,47,0.34,41,43,0.953,6,26,32,34,9,2,19,39,11.5,5.3,1.54,0.62,1.58,0.23,1,1.2,1.3,0.35,0.08,0.73,1.5,1
Cheick Diallo,NOP,2016,WEST,20,5,17,199,87,36,76,0.474,0,0,0,15,21,0.714,23,50,73,4,4,7,7,17,11.71,5.1,2.12,0,0.88,1.35,2.94,4.3,0.2,0.24,0.41,0.41,1,1
Chimezie Metu,SAS,2018,WEST,21,4,29,145,51,19,58,0.328,0,2,0,13,17,0.765,9,27,36,13,6,2,15,14,5,1.8,0.66,0,0.45,0.31,0.93,1.2,0.4,0.21,0.07,0.52,0.48,1
Chinanu Onuaku,HOU,2016,EAST,20,2,5,52,14,5,7,0.714,0,0,0,4,4,1,2,8,10,3,3,1,4,6,10.4,2.8,1,0,0.8,0.4,1.6,2,0.6,0.6,0.2,0.8,1.2,0
Chris Babb,BOS,2014,EAST,23,1,14,132,22,8,30,0.267,6,27,0.222,0,0,0,4,13,17,3,6,0,3,13,9.43,1.6,0.57,0.43,0,0.29,0.93,1.2,0.2,0.43,0,0.21,0.93,0
Chris Boucher,GSW,2018,WEST,25,5,1,1,0,0,1,0,0,1,0,0,0,0,0,1,1,0,0,0,0,0,1,0,0,0,0,0,1,1,0,0,0,0,0,1
Chris Chiozza,HOU,2019,EAST,23,4,7,33,6,2,8,0.25,2,5,0.4,0,0,0,1,3,4,4,1,1,1,2,4.71,0.9,0.29,0.29,0,0.14,0.43,0.6,0.6,0.14,0.14,0.14,0.29,1
Chris Johnson,MEM,2013,WEST,22,4,8,102,29,11,25,0.44,6,18,0.333,1,2,0.5,5,6,11,2,4,0,3,5,12.75,3.6,1.38,0.75,0.12,0.62,0.75,1.4,0.3,0.5,0,0.38,0.62,1
Chris McCullough,BRK,2016,EAST,20,3,24,362,112,44,109,0.404,13,34,0.382,11,23,0.478,25,43,68,9,28,12,15,39,15.08,4.7,1.83,0.54,0.46,1.04,1.79,2.8,0.4,1.17,0.5,0.62,1.62,1
Chris Smith,NYK,2013,EAST,26,1,2,2,0,0,0,0,0,0,0,0,0,0,0,0,0,0,0,0,0,0,1,0,0,0,0,0,0,0,0,0,0,0,0,0
Christian Wood,PHI,2015,EAST,20,6,17,145,61,22,53,0.415,4,11,0.364,13,21,0.619,13,25,38,3,5,7,2,11,8.53,3.6,1.29,0.24,0.76,0.76,1.47,2.2,0.2,0.29,0.41,0.12,0.65,1
Cleanthony Early,NYK,2014,EAST,23,2,39,647,210,76,214,0.355,22,84,0.262,36,48,0.75,22,75,97,36,24,12,40,57,16.59,5.4,1.95,0.56,0.92,0.56,1.92,2.5,0.9,0.62,0.31,1.03,1.46,0
Cliff Alexander,POR,2015,WEST,20,1,8,36,10,5,10,0.5,0,0,0,0,0,0,2,4,6,0,1,2,1,1,4.5,1.3,0.62,0,0,0.25,0.5,0.8,0,0.12,0.25,0.12,0.12,0
Cody Zeller,CHA,2013,EAST,21,9,82,1416,490,172,404,0.426,0,1,0,146,200,0.73,118,235,353,92,40,41,87,170,17.27,6,2.1,0,1.78,1.44,2.87,4.3,1.1,0.49,0.5,1.06,2.07,1
Collin Sexton,CLE,2018,EAST,20,4,82,2605,1371,519,1206,0.43,119,296,0.402,214,255,0.839,57,179,236,243,44,6,185,186,31.77,16.7,6.33,1.45,2.61,0.7,2.18,2.9,3,0.54,0.07,2.26,2.27,1
Cory Jefferson,BRK,2014,EAST,24,2,50,531,183,75,167,0.449,2,15,0.133,31,54,0.574,47,98,145,16,10,21,20,61,10.62,3.7,1.5,0.04,0.62,0.94,1.96,2.9,0.3,0.2,0.42,0.4,1.22,0
Coty Clarke,BOS,2016,EAST,23,1,3,6,6,2,4,0.5,2,2,1,0,0,0,0,1,1,0,0,0,1,0,2,2,0.67,0.67,0,0,0.33,0.3,0,0,0,0.33,0,0
D.J. Stephens,MIL,2014,EAST,23,2,3,15,7,3,7,0.429,0,0,0,1,1,1,1,4,5,0,0,0,0,0,5,2.3,1,0,0.33,0.33,1.33,1.7,0,0,0,0,0,0
D.J. Wilson,MIL,2017,EAST,21,5,22,71,21,9,16,0.563,2,5,0.4,1,2,0.5,2,8,10,3,3,1,4,7,3.23,1,0.41,0.09,0.05,0.09,0.36,0.5,0.1,0.14,0.05,0.18,0.32,1
Dakari Johnson,OKC,2017,WEST,22,1,31,161,55,22,39,0.564,0,0,0,11,20,0.55,16,18,34,8,6,8,3,27,5.19,1.8,0.71,0,0.35,0.52,0.58,1.1,0.3,0.19,0.26,0.1,0.87,0
Damian Jones,GSW,2016,WEST,21,6,10,85,19,8,16,0.5,0,0,0,3,10,0.3,9,14,23,0,1,4,6,15,8.5,1.9,0.8,0,0.3,0.9,1.4,2.3,0,0.1,0.4,0.6,1.5,1
Damion Lee,ATL,2018,EAST,25,5,15,404,161,62,152,0.408,15,60,0.25,22,29,0.759,11,60,71,29,19,1,14,25,26.93,10.7,4.13,1,1.47,0.73,4,4.7,1.9,1.27,0.07,0.93,1.67,1
Damyean Dotson,NYK,2017,EAST,23,5,44,474,182,72,161,0.447,22,68,0.324,16,23,0.696,9,75,84,31,12,2,17,34,10.77,4.1,1.64,0.5,0.36,0.2,1.7,1.9,0.7,0.27,0.05,0.39,0.77,1
D'Angelo Russell,LAL,2015,WEST,19,7,80,2259,1054,392,956,0.41,130,370,0.351,140,190,0.737,47,227,274,266,93,13,196,142,28.24,13.2,4.9,1.62,1.75,0.59,2.84,3.4,3.3,1.16,0.16,2.45,1.78,1
Daniel Hamilton,OKC,2017,WEST,22,2,6,28,12,5,11,0.455,2,5,0.4,0,0,0,0,5,5,8,1,0,2,2,4.67,2,0.83,0.33,0,0,0.83,0.8,1.3,0.17,0,0.33,0.33,0
Daniel Ochefu,WAS,2016,EAST,23,1,19,75,24,12,27,0.444,0,0,0,0,2,0,5,17,22,3,2,0,3,17,3.95,1.3,0.63,0,0,0.26,0.89,1.2,0.2,0.11,0,0.16,0.89,0
Darrun Hilliard,DET,2015,EAST,22,3,38,383,152,52,131,0.397,19,50,0.38,29,40,0.725,5,40,45,27,9,1,19,28,10.08,4,1.37,0.5,0.76,0.13,1.05,1.2,0.7,0.24,0.03,0.5,0.74,1
Daryl Macon,DAL,2018,WEST,23,2,8,90,29,10,27,0.37,5,11,0.455,4,7,0.571,2,10,12,7,1,0,6,8,11.25,3.6,1.25,0.62,0.5,0.25,1.25,1.5,0.9,0.12,0,0.75,1,0
David Nwaba,LAL,2017,WEST,24,6,20,397,120,47,81,0.58,1,5,0.2,25,39,0.641,17,46,63,14,13,7,11,36,19.85,6,2.35,0.05,1.25,0.85,2.3,3.2,0.7,0.65,0.35,0.55,1.8,1
David Stockton,SAC,2015,WEST,23,2,3,33,8,2,6,0.333,1,2,0.5,3,6,0.5,0,2,2,9,2,0,4,1,11,2.7,0.67,0.33,1,0,0.67,0.7,3,0.67,0,1.33,0.33,0
David Wear,SAC,2015,WEST,24,1,2,7,0,0,2,0,0,1,0,0,0,0,2,0,2,1,0,0,0,1,3.5,0,0,0,0,1,0,1,0.5,0,0,0,0.5,0
Davon Reed,PHO,2018,WEST,22,3,21,242,63,22,76,0.289,11,38,0.289,8,12,0.667,2,37,39,13,10,2,10,17,11.52,3,1.05,0.52,0.38,0.1,1.76,1.9,0.6,0.48,0.1,0.48,0.81,1
De'Aaron Fox,SAC,2017,WEST,20,5,73,2026,844,328,797,0.412,47,153,0.307,141,195,0.723,33,171,204,320,70,20,173,163,27.75,11.6,4.49,0.64,1.93,0.45,2.34,2.8,4.4,0.96,0.27,2.37,2.23,1
Deandre Ayton,PHO,2018,WEST,20,4,71,2183,1159,509,870,0.585,0,4,0,141,189,0.746,223,506,729,125,61,67,126,209,30.75,16.3,7.17,0,1.99,3.14,7.13,10.3,1.8,0.86,0.94,1.77,2.94,1
DeAndre' Bembry,ATL,2016,EAST,22,6,38,371,101,47,98,0.48,1,18,0.056,6,16,0.375,14,45,59,28,8,5,16,21,9.76,2.7,1.24,0.03,0.16,0.37,1.18,1.6,0.7,0.21,0.13,0.42,0.55,1
De'Anthony Melton,PHO,2018,WEST,20,4,50,984,250,100,256,0.391,29,95,0.305,21,28,0.75,25,109,134,159,68,23,75,113,19.68,5,2,0.58,0.42,0.5,2.18,2.7,3.2,1.36,0.46,1.5,2.26,1
Dejounte Murray,SAS,2016,WEST,20,5,38,322,130,50,116,0.431,9,23,0.391,21,30,0.7,6,36,42,48,8,6,38,29,8.47,3.4,1.32,0.24,0.55,0.16,0.95,1.1,1.3,0.21,0.16,1,0.76,1
Delon Wright,TOR,2015,EAST,23,7,27,229,103,36,80,0.45,5,13,0.385,26,35,0.743,8,29,37,31,8,3,16,7,8.48,3.8,1.33,0.19,0.96,0.3,1.07,1.4,1.1,0.3,0.11,0.59,0.26,1
Demetrius Jackson,BOS,2016,EAST,22,3,5,17,10,3,4,0.75,1,1,1,3,6,0.5,2,2,4,3,0,0,0,0,3.4,2,0.6,0.2,0.6,0.4,0.4,0.8,0.6,0,0,0,0,1
Deng Adel,CLE,2019,EAST,21,1,19,194,32,11,36,0.306,6,23,0.261,4,4,1,3,16,19,5,1,4,6,13,10.21,1.7,0.58,0.32,0.21,0.16,0.84,1,0.3,0.05,0.21,0.32,0.68,0
Denzel Valentine,CHI,2016,EAST,23,5,57,976,291,102,288,0.354,73,208,0.351,14,18,0.778,11,140,151,63,30,7,49,86,17.12,5.1,1.79,1.28,0.25,0.19,2.46,2.6,1.1,0.53,0.12,0.86,1.51,1
Deonte Burton,OKC,2018,WEST,25,2,32,240,82,33,82,0.402,8,27,0.296,8,12,0.667,4,24,28,9,6,8,9,31,7.5,2.6,1.03,0.25,0.25,0.12,0.75,0.9,0.3,0.19,0.25,0.28,0.97,0
Derrick Jones Jr.,PHO,2016,WEST,19,6,32,545,168,68,121,0.562,3,11,0.273,29,41,0.707,39,40,79,12,14,13,13,63,17.03,5.3,2.12,0.09,0.91,1.22,1.25,2.5,0.4,0.44,0.41,0.41,1.97,1
Derrick White,SAS,2017,WEST,23,5,17,139,54,16,33,0.485,8,13,0.615,14,20,0.7,5,21,26,9,4,3,6,8,8.18,3.2,0.94,0.47,0.82,0.29,1.24,1.5,0.5,0.24,0.18,0.35,0.47,1
DeVaughn Akoon-Purcell,DEN,2018,WEST,25,1,7,22,7,3,10,0.3,0,4,0,1,2,0.5,1,3,4,6,2,0,2,4,3.14,1,0.43,0,0.14,0.14,0.43,0.6,0.9,0.29,0,0.29,0.57,0
Devin Booker,PHO,2015,WEST,19,7,76,2108,1048,367,867,0.423,99,289,0.343,215,256,0.84,27,160,187,200,44,20,160,225,27.74,13.8,4.83,1.3,2.83,0.36,2.11,2.5,2.6,0.58,0.26,2.11,2.96,1
Devin Robinson,WAS,2018,EAST,22,2,1,13,2,1,3,0.333,0,0,0,0,0,0,2,3,5,0,1,0,0,2,13,2,1,0,0,2,3,5,0,1,0,0,2,0
Devonte' Graham,CHO,2018,EAST,23,4,46,676,217,74,216,0.343,34,121,0.281,35,46,0.761,10,53,63,121,23,2,30,48,14.7,4.7,1.61,0.74,0.76,0.22,1.15,1.4,2.6,0.5,0.04,0.65,1.04,1
Dewayne Dedmon,GSW,2013,WEST,24,9,31,390,97,38,83,0.458,0,0,0,21,32,0.656,38,89,127,5,7,22,18,66,12.58,3.1,1.23,0,0.68,1.23,2.87,4.1,0.2,0.23,0.71,0.58,2.13,1
Deyonta Davis,MEM,2016,WEST,20,3,36,238,58,24,47,0.511,0,0,0,10,18,0.556,20,40,60,2,3,17,8,40,6.61,1.6,0.67,0,0.28,0.56,1.11,1.7,0.1,0.08,0.47,0.22,1.11,1
Diamond Stone,LAC,2016,WEST,19,1,7,24,10,3,13,0.231,0,0,0,4,4,1,1,5,6,0,0,1,2,5,3.43,1.4,0.43,0,0.57,0.14,0.71,0.9,0,0,0.14,0.29,0.71,0
Dillon Brooks,MEM,2017,WEST,22,5,82,2350,898,340,772,0.44,94,264,0.356,124,166,0.747,49,208,257,135,73,17,124,233,28.66,11,4.15,1.15,1.51,0.6,2.54,3.1,1.6,0.89,0.21,1.51,2.84,1
Domantas Sabonis,OKC,2016,WEST,20,6,81,1632,479,192,481,0.399,51,159,0.321,44,67,0.657,46,242,288,82,39,32,83,200,20.15,5.9,2.37,0.63,0.54,0.57,2.99,3.6,1,0.48,0.4,1.02,2.47,1
Donovan Mitchell,UTA,2017,WEST,21,5,79,2638,1616,595,1362,0.437,187,550,0.34,239,297,0.805,52,244,296,291,118,27,215,213,33.39,20.5,7.53,2.37,3.03,0.66,3.09,3.7,3.7,1.49,0.34,2.72,2.7,1
Donte DiVincenzo,MIL,2018,EAST,22,4,27,411,131,50,124,0.403,22,83,0.265,9,12,0.75,16,49,65,31,13,6,19,38,15.22,4.9,1.85,0.81,0.33,0.59,1.81,2.4,1.1,0.48,0.22,0.7,1.41,1
Donte Grantham,OKC,2019,WEST,23,1,3,2,0,0,2,0,0,2,0,0,0,0,0,0,0,0,0,0,0,0,0.67,0,0,0,0,0,0,0,0,0,0,0,0,0
Dorian Finney-Smith,DAL,2016,WEST,23,6,81,1642,350,124,333,0.372,56,191,0.293,46,61,0.754,55,167,222,67,52,25,45,125,20.27,4.3,1.53,0.69,0.57,0.68,2.06,2.7,0.8,0.64,0.31,0.56,1.54,1
Doug McDermott,CHI,2014,EAST,23,8,36,321,109,43,107,0.402,13,41,0.317,10,15,0.667,6,37,43,6,4,1,17,29,8.92,3,1.19,0.36,0.28,0.17,1.03,1.2,0.2,0.11,0.03,0.47,0.81,1
Drew Eubanks,SAS,2018,WEST,21,4,23,113,41,15,26,0.577,0,0,0,11,13,0.846,6,28,34,7,2,5,8,11,4.91,1.8,0.65,0,0.48,0.26,1.22,1.5,0.3,0.09,0.22,0.35,0.48,1
Duje Dukan,SAC,2016,WEST,24,1,1,24,6,2,10,0.2,2,5,0.4,0,0,0,2,2,4,1,1,0,0,2,24,6,2,2,0,2,2,4,1,1,0,0,2,0
Duncan Robinson,MIA,2018,EAST,24,4,15,161,50,18,46,0.391,10,35,0.286,4,6,0.667,2,17,19,5,5,0,4,11,10.73,3.3,1.2,0.67,0.27,0.13,1.13,1.3,0.3,0.33,0,0.27,0.73,1
Dusty Hannahs,MEM,2019,WEST,25,2,2,26,8,3,12,0.25,0,5,0,2,2,1,0,1,1,5,1,0,1,1,13,4,1.5,0,1,0,0.5,0.5,2.5,0.5,0,0.5,0.5,0
Dwayne Bacon,CHO,2017,EAST,22,4,53,713,175,72,192,0.375,11,43,0.256,20,25,0.8,4,120,124,38,16,2,23,46,13.45,3.3,1.36,0.21,0.38,0.08,2.26,2.3,0.7,0.3,0.04,0.43,0.87,1
Dwight Powell,BOS,2014,EAST,23,8,29,236,90,31,67,0.463,3,11,0.273,25,33,0.758,18,32,50,9,9,6,11,40,8.14,3.1,1.07,0.1,0.86,0.62,1.1,1.7,0.3,0.31,0.21,0.38,1.38,1
Edmond Sumner,IND,2018,EAST,22,4,1,2,2,1,1,1,0,0,0,0,0,0,0,1,1,0,0,0,0,1,2,2,1,0,0,0,1,1,0,0,0,0,1,1
Elfrid Payton,ORL,2014,EAST,20,8,82,2489,731,301,708,0.425,11,42,0.262,118,214,0.551,107,242,349,533,142,20,203,193,30.35,8.9,3.67,0.13,1.44,1.3,2.95,4.3,6.5,1.73,0.24,2.48,2.35,1
Elias Harris,LAL,2013,WEST,24,1,2,11,0,0,1,0,0,0,0,0,0,0,1,0,1,1,1,0,0,0,5.5,0,0,0,0,0.5,0,0.5,0.5,0.5,0,0,0,0
Eric Moreland,SAC,2014,WEST,23,4,3,2,2,1,1,1,0,0,0,0,0,0,0,1,1,0,0,0,0,1,0.67,0.7,0.33,0,0,0,0.33,0.3,0,0,0,0,0.33,1
Erick Green,DEN,2014,WEST,23,2,43,410,146,61,162,0.377,14,47,0.298,10,12,0.833,7,24,31,39,12,0,14,26,9.53,3.4,1.42,0.33,0.23,0.16,0.56,0.7,0.9,0.28,0,0.33,0.6,0
Erik McCree,UTA,2018,WEST,24,1,4,8,0,0,2,0,0,1,0,0,0,0,0,1,1,0,1,0,1,0,2,0,0,0,0,0,0.25,0.3,0,0.25,0,0.25,0,0
Erik Murphy,CHI,2013,EAST,23,1,24,62,6,3,13,0.231,0,3,0,0,0,0,2,6,8,2,0,4,2,7,2.58,0.3,0.12,0,0,0.08,0.25,0.3,0.1,0,0.17,0.08,0.29,0
Frank Jackson,NOP,2018,WEST,20,4,61,1169,495,194,447,0.434,53,169,0.314,54,73,0.74,25,109,134,69,25,2,48,92,19.16,8.1,3.18,0.87,0.89,0.41,1.79,2.2,1.1,0.41,0.03,0.79,1.51,1
Frank Kaminsky,CHO,2015,EAST,22,7,81,1708,606,215,525,0.41,68,202,0.337,108,148,0.73,69,266,335,98,38,43,58,126,21.09,7.5,2.65,0.84,1.33,0.85,3.28,4.1,1.2,0.47,0.53,0.72,1.56,1
Frank Mason III,SAC,2017,WEST,23,4,52,984,413,144,380,0.379,31,86,0.36,94,115,0.817,30,100,130,147,34,10,65,72,18.92,7.9,2.77,0.6,1.81,0.58,1.92,2.5,2.8,0.65,0.19,1.25,1.38,1
Fred VanVleet,TOR,2016,EAST,22,6,37,294,107,39,111,0.351,11,29,0.379,18,22,0.818,4,38,42,35,16,3,15,36,7.95,2.9,1.05,0.3,0.49,0.11,1.03,1.1,0.9,0.43,0.08,0.41,0.97,1
Gary Clark,HOU,2018,EAST,24,4,51,641,148,50,151,0.331,41,138,0.297,7,7,1,24,92,116,18,20,26,7,47,12.57,2.9,0.98,0.8,0.14,0.47,1.8,2.3,0.4,0.39,0.51,0.14,0.92,1
Gary Harris,DEN,2014,WEST,20,8,55,719,188,66,217,0.304,21,103,0.204,35,47,0.745,21,43,64,29,39,7,38,71,13.07,3.4,1.2,0.38,0.64,0.38,0.78,1.2,0.5,0.71,0.13,0.69,1.29,1
Gary Payton II,MIL,2017,EAST,24,6,6,99,20,8,22,0.364,1,9,0.111,3,5,0.6,0,12,12,13,3,4,10,9,16.5,3.3,1.33,0.17,0.5,0,2,2,2.2,0.5,0.67,1.67,1.5,1
Gary Trent Jr.,POR,2018,WEST,20,4,15,111,40,16,50,0.32,5,21,0.238,3,7,0.429,1,10,11,5,1,2,4,4,7.4,2.7,1.07,0.33,0.2,0.07,0.67,0.7,0.3,0.07,0.13,0.27,0.27,1
George King,PHO,2018,WEST,25,2,1,6,0,0,0,0,0,0,0,0,0,0,0,1,1,0,0,0,0,0,6,0,0,0,0,0,1,1,0,0,0,0,0,0
Georges Niang,IND,2016,EAST,23,6,23,93,21,9,36,0.25,1,12,0.083,2,2,1,2,15,17,5,3,0,5,6,4.04,0.9,0.39,0.04,0.09,0.09,0.65,0.7,0.2,0.13,0,0.22,0.26,1
Gian Clavell,DAL,2017,WEST,24,1,7,64,20,6,18,0.333,6,15,0.4,2,2,1,1,6,7,3,2,0,2,8,9.14,2.9,0.86,0.86,0.29,0.14,0.86,1,0.4,0.29,0,0.29,1.14,0
Glenn Robinson III,MIN,2014,EAST,21,7,35,261,73,26,67,0.388,5,19,0.263,16,24,0.667,15,24,39,11,6,1,11,15,7.46,2.1,0.74,0.14,0.46,0.43,0.69,1.1,0.3,0.17,0.03,0.31,0.43,1
Gorgui Dieng,MIN,2013,EAST,24,9,60,818,286,113,227,0.498,1,1,1,59,93,0.634,103,197,300,39,30,50,54,108,13.63,4.8,1.88,0.02,0.98,1.72,3.28,5,0.7,0.5,0.83,0.9,1.8,1
Grant Jerrett,OKC,2014,WEST,21,1,8,51,16,7,26,0.269,1,15,0.067,1,1,1,2,7,9,3,2,2,3,11,6.38,2,0.88,0.12,0.12,0.25,0.88,1.1,0.4,0.25,0.25,0.38,1.38,0
Grayson Allen,UTA,2018,WEST,23,4,38,416,211,67,178,0.376,32,99,0.323,45,60,0.75,3,20,23,25,6,6,33,47,10.95,5.6,1.76,0.84,1.18,0.08,0.53,0.6,0.7,0.16,0.16,0.87,1.24,1
Hamidou Diallo,OKC,2018,WEST,20,4,51,526,190,75,165,0.455,4,24,0.167,36,59,0.61,38,59,97,17,21,10,23,77,10.31,3.7,1.47,0.08,0.71,0.75,1.16,1.9,0.3,0.41,0.2,0.45,1.51,1
Harry Giles,SAC,2018,WEST,20,3,58,820,408,175,348,0.503,0,6,0,58,91,0.637,66,156,222,85,31,22,73,150,14.14,7,3.02,0,1,1.14,2.69,3.8,1.5,0.53,0.38,1.26,2.59,1
Henry Ellenson,DET,2016,EAST,20,5,19,146,60,23,64,0.359,10,35,0.286,4,8,0.5,8,33,41,7,1,1,14,6,7.68,3.2,1.21,0.53,0.21,0.42,1.74,2.2,0.4,0.05,0.05,0.74,0.32,1
Ian Clark,UTA,2013,WEST,22,6,23,172,68,26,67,0.388,11,31,0.355,5,7,0.714,3,16,19,15,8,2,14,24,7.48,3,1.13,0.48,0.22,0.13,0.7,0.8,0.7,0.35,0.09,0.61,1.04,1
Ike Anigbogu,IND,2017,EAST,19,2,11,30,13,4,9,0.444,0,0,0,5,6,0.833,5,4,9,0,1,3,2,1,2.73,1.2,0.36,0,0.45,0.45,0.36,0.8,0,0.09,0.27,0.18,0.09,0
Isaac Humphries,ATL,2019,EAST,21,1,5,56,15,6,21,0.286,3,11,0.273,0,0,0,4,7,11,0,1,0,0,7,11.2,3,1.2,0.6,0,0.8,1.4,2.2,0,0.2,0,0,1.4,0
Isaiah Briscoe,ORL,2018,EAST,22,1,39,559,136,55,138,0.399,11,34,0.324,15,26,0.577,5,69,74,87,11,2,31,66,14.33,3.5,1.41,0.28,0.38,0.13,1.77,1.9,2.2,0.28,0.05,0.79,1.69,0
Isaiah Canaan,HOU,2013,EAST,22,6,22,252,101,31,87,0.356,18,55,0.327,21,29,0.724,7,17,24,22,8,4,21,25,11.45,4.6,1.41,0.82,0.95,0.32,0.77,1.1,1,0.36,0.18,0.95,1.14,1
Isaiah Hicks,NYK,2018,EAST,23,2,18,240,80,33,72,0.458,2,9,0.222,12,18,0.667,10,31,41,16,2,4,16,45,13.33,4.4,1.83,0.11,0.67,0.56,1.72,2.3,0.9,0.11,0.22,0.89,2.5,0
Isaiah Taylor,HOU,2017,EAST,22,2,4,52,3,1,7,0.143,0,2,0,1,2,0.5,1,2,3,3,1,1,0,6,13,0.8,0.25,0,0.25,0.25,0.5,0.8,0.8,0.25,0.25,0,1.5,0
Isaiah Whitehead,BRK,2016,EAST,21,2,73,1643,543,204,508,0.402,44,149,0.295,91,113,0.805,32,152,184,192,42,36,142,175,22.51,7.4,2.79,0.6,1.25,0.44,2.08,2.5,2.6,0.58,0.49,1.95,2.4,0
Ivan Rabb,MEM,2017,WEST,20,2,36,516,201,86,152,0.566,0,0,0,29,36,0.806,53,105,158,32,12,13,35,55,14.33,5.6,2.39,0,0.81,1.47,2.92,4.4,0.9,0.33,0.36,0.97,1.53,0
J.P. Macura,CHO,2019,EAST,23,2,2,17,6,3,9,0.333,0,4,0,0,0,0,0,3,3,2,0,0,0,0,8.5,3,1.5,0,0,0,1.5,1.5,1,0,0,0,0,0
Jabari Bird,BOS,2017,EAST,23,1,13,115,39,15,26,0.577,3,7,0.429,6,13,0.462,6,13,19,8,3,1,8,7,8.85,3,1.15,0.23,0.46,0.46,1,1.5,0.6,0.23,0.08,0.62,0.54,0
Jabari Brown,LAL,2015,WEST,22,1,19,568,227,70,170,0.412,23,62,0.371,64,85,0.753,3,33,36,40,12,2,32,33,29.89,11.9,3.68,1.21,3.37,0.16,1.74,1.9,2.1,0.63,0.11,1.68,1.74,0
Jabari Parker,MIL,2014,EAST,19,8,25,738,308,129,263,0.49,4,16,0.25,46,66,0.697,50,88,138,42,31,5,47,42,29.52,12.3,5.16,0.16,1.84,2,3.52,5.5,1.7,1.24,0.2,1.88,1.68,1
Jack Cooley,UTA,2015,WEST,23,2,16,87,27,9,22,0.409,0,0,0,9,21,0.429,10,15,25,1,6,3,3,23,5.44,1.7,0.56,0,0.56,0.62,0.94,1.6,0.1,0.38,0.19,0.19,1.44,0
Jacob Wiley,BRK,2017,EAST,23,1,5,33,4,1,4,0.25,1,2,0.5,1,2,0.5,2,9,11,2,1,0,0,4,6.6,0.8,0.2,0.2,0.2,0.4,1.8,2.2,0.4,0.2,0,0,0.8,0
Jahlil Okafor,PHI,2015,EAST,20,6,53,1591,928,397,781,0.508,1,6,0.167,133,194,0.686,122,251,373,65,22,61,124,140,30.02,17.5,7.49,0.02,2.51,2.3,4.74,7,1.2,0.42,1.15,2.34,2.64,1
JaKarr Sampson,PHI,2014,EAST,21,6,74,1131,386,146,346,0.422,31,127,0.244,63,94,0.67,35,128,163,77,38,26,76,135,15.28,5.2,1.97,0.42,0.85,0.47,1.73,2.2,1,0.51,0.35,1.03,1.82,1
Jake Layman,POR,2016,WEST,22,6,35,249,78,26,89,0.292,13,51,0.255,13,17,0.765,6,18,24,11,9,3,11,22,7.11,2.2,0.74,0.37,0.37,0.17,0.51,0.7,0.3,0.26,0.09,0.31,0.63,1
Jakob Poeltl,TOR,2016,EAST,21,6,54,626,165,67,115,0.583,0,0,0,31,57,0.544,78,87,165,12,17,20,29,113,11.59,3.1,1.24,0,0.57,1.44,1.61,3.1,0.2,0.31,0.37,0.54,2.09,1
Jalen Brunson,DAL,2018,WEST,22,4,73,1591,678,264,565,0.467,63,181,0.348,87,120,0.725,25,144,169,230,37,4,88,127,21.79,9.3,3.62,0.86,1.19,0.34,1.97,2.3,3.2,0.51,0.05,1.21,1.74,1
Jalen Jones,NOP,2017,WEST,24,2,16,181,74,26,68,0.382,10,26,0.385,12,19,0.632,13,25,38,4,5,1,7,22,11.31,4.6,1.62,0.62,0.75,0.81,1.56,2.4,0.3,0.31,0.06,0.44,1.38,0
Jamaal Franklin,MEM,2013,WEST,22,2,21,161,39,16,39,0.41,5,11,0.455,2,2,1,4,19,23,6,4,2,11,23,7.67,1.9,0.76,0.24,0.1,0.19,0.9,1.1,0.3,0.19,0.1,0.52,1.1,0
Jamal Murray,DEN,2016,WEST,19,5,82,1764,811,295,730,0.404,115,344,0.334,106,120,0.883,41,173,214,170,51,24,113,124,21.51,9.9,3.6,1.4,1.29,0.5,2.11,2.6,2.1,0.62,0.29,1.38,1.51,1
Jameel Warney,DAL,2018,WEST,24,1,3,27,17,7,12,0.583,0,0,0,3,5,0.6,4,5,9,0,0,0,1,2,9,5.7,2.33,0,1,1.33,1.67,3,0,0,0,0.33,0.67,0
Jamel Artis,ORL,2017,EAST,25,1,15,279,77,31,79,0.392,8,29,0.276,7,12,0.583,4,34,38,18,2,3,8,11,18.6,5.1,2.07,0.53,0.47,0.27,2.27,2.5,1.2,0.13,0.2,0.53,0.73,0
James Michael McAdoo,GSW,2015,WEST,22,4,15,137,62,24,44,0.545,0,0,0,14,25,0.56,15,22,37,2,5,9,6,21,9.13,4.1,1.6,0,0.93,1,1.47,2.5,0.1,0.33,0.6,0.4,1.4,1
James Southerland,CHA,2013,EAST,23,1,4,30,14,5,15,0.333,3,6,0.5,1,2,0.5,0,8,8,0,1,2,1,3,7.5,3.5,1.25,0.75,0.25,0,2,2,0,0.25,0.5,0.25,0.75,0
James Webb III,BRK,2018,EAST,24,1,10,120,16,6,24,0.25,4,19,0.211,0,0,0,8,16,24,4,1,0,4,10,12,1.6,0.6,0.4,0,0.8,1.6,2.4,0.4,0.1,0,0.4,1,0
James Young,BOS,2014,EAST,19,4,31,332,105,36,102,0.353,17,66,0.258,16,29,0.552,9,33,42,13,8,2,5,22,10.71,3.4,1.16,0.55,0.52,0.29,1.06,1.4,0.4,0.26,0.06,0.16,0.71,1
Jamil Wilson,LAC,2017,WEST,27,1,15,274,105,38,81,0.469,27,63,0.429,2,4,0.5,3,29,32,10,5,8,8,34,18.27,7,2.53,1.8,0.13,0.2,1.93,2.1,0.7,0.33,0.53,0.53,2.27,0
Jared Terrell,MIN,2018,EAST,23,1,14,111,31,12,39,0.308,4,17,0.235,3,6,0.5,1,5,6,12,3,2,10,16,7.93,2.2,0.86,0.29,0.21,0.07,0.36,0.4,0.9,0.21,0.14,0.71,1.14,0
Jarell Eddie,WAS,2015,EAST,24,3,26,147,63,20,65,0.308,15,47,0.319,8,8,1,2,21,23,5,5,1,1,5,5.65,2.4,0.77,0.58,0.31,0.08,0.81,0.9,0.2,0.19,0.04,0.04,0.19,1
Jarell Martin,MEM,2015,WEST,21,4,27,380,153,54,116,0.466,0,2,0,45,62,0.726,39,47,86,15,8,7,19,58,14.07,5.7,2,0,1.67,1.44,1.74,3.2,0.6,0.3,0.26,0.7,2.15,1
Jaren Jackson Jr.,MEM,2018,WEST,19,4,58,1515,798,298,589,0.506,51,142,0.359,151,197,0.766,73,199,272,64,52,82,98,220,26.12,13.8,5.14,0.88,2.6,1.26,3.43,4.7,1.1,0.9,1.41,1.69,3.79,1
Jarnell Stokes,MEM,2014,WEST,21,3,19,126,57,21,37,0.568,0,0,0,15,28,0.536,16,18,34,4,5,5,7,25,6.63,3,1.11,0,0.79,0.84,0.95,1.8,0.2,0.26,0.26,0.37,1.32,1
Jaron Blossomgame,CLE,2018,EAST,25,1,27,439,114,47,106,0.443,10,39,0.256,10,13,0.769,26,72,98,13,7,8,11,20,16.26,4.2,1.74,0.37,0.37,0.96,2.67,3.6,0.5,0.26,0.3,0.41,0.74,0
Jarred Vanderbilt,DEN,2019,WEST,19,4,17,69,24,9,19,0.474,0,1,0,6,10,0.6,7,16,23,3,6,1,8,8,4.06,1.4,0.53,0,0.35,0.41,0.94,1.4,0.2,0.35,0.06,0.47,0.47,1
Jarrett Allen,BRK,2017,EAST,19,5,72,1441,587,234,397,0.589,5,15,0.333,114,147,0.776,144,244,388,49,28,88,82,147,20.01,8.2,3.25,0.07,1.58,2,3.39,5.4,0.7,0.39,1.22,1.14,2.04,1
Jarrod Uthoff,DAL,2017,WEST,23,2,9,115,40,16,38,0.421,3,9,0.333,5,7,0.714,8,14,22,9,2,4,3,8,12.78,4.4,1.78,0.33,0.56,0.89,1.56,2.4,1,0.22,0.44,0.33,0.89,0
Jawun Evans,LAC,2017,WEST,21,2,48,778,231,89,253,0.352,15,54,0.278,38,49,0.776,9,75,84,100,36,6,44,97,16.21,4.8,1.85,0.31,0.79,0.19,1.56,1.8,2.1,0.75,0.12,0.92,2.02,0
Jaylen Adams,ATL,2018,EAST,22,2,34,428,108,38,110,0.345,25,74,0.338,7,9,0.778,11,49,60,65,14,5,28,45,12.59,3.2,1.12,0.74,0.21,0.32,1.44,1.8,1.9,0.41,0.15,0.82,1.32,0
Jaylen Brown,BOS,2016,EAST,20,6,78,1341,515,192,423,0.454,46,135,0.341,85,124,0.685,45,175,220,64,35,18,68,142,17.19,6.6,2.46,0.59,1.09,0.58,2.24,2.8,0.8,0.45,0.23,0.87,1.82,1
Jayson Tatum,BOS,2017,EAST,19,5,80,2443,1112,397,835,0.475,105,242,0.434,213,258,0.826,50,352,402,128,83,58,114,170,30.54,13.9,4.96,1.31,2.66,0.62,4.4,5,1.6,1.04,0.72,1.42,2.12,1
Jeff Withey,NOP,2013,WEST,23,5,58,684,190,69,129,0.535,0,1,0,52,73,0.712,49,101,150,26,15,50,20,73,11.79,3.3,1.19,0,0.9,0.84,1.74,2.6,0.4,0.26,0.86,0.34,1.26,1
Jemerrio Jones,LAL,2019,WEST,23,2,6,143,27,12,33,0.364,2,10,0.2,1,2,0.5,16,33,49,13,7,5,5,10,23.83,4.5,2,0.33,0.17,2.67,5.5,8.2,2.2,1.17,0.83,0.83,1.67,0
Jerami Grant,PHI,2014,EAST,20,8,65,1377,411,124,352,0.352,49,156,0.314,114,193,0.591,49,149,198,79,40,68,85,144,21.18,6.3,1.91,0.75,1.75,0.75,2.29,3,1.2,0.62,1.05,1.31,2.22,1
Jerian Grant,NYK,2015,EAST,23,5,76,1265,426,154,391,0.394,22,100,0.22,96,123,0.78,23,120,143,177,50,10,87,97,16.64,5.6,2.03,0.29,1.26,0.3,1.58,1.9,2.3,0.66,0.13,1.14,1.28,1
Jerome Robinson,LAC,2018,WEST,21,3,33,320,112,44,110,0.4,18,57,0.316,6,9,0.667,3,38,41,19,11,3,13,46,9.7,3.4,1.33,0.55,0.18,0.09,1.15,1.2,0.6,0.33,0.09,0.39,1.39,1
Jerrelle Benimon,UTA,2015,WEST,23,1,2,3,0,0,0,0,0,0,0,0,0,0,1,2,3,0,0,0,1,0,1.5,0,0,0,0,0.5,1,1.5,0,0,0,0.5,0,0
Jevon Carter,MEM,2018,WEST,23,4,39,577,172,56,185,0.303,34,102,0.333,26,32,0.813,14,52,66,69,26,11,33,55,14.79,4.4,1.44,0.87,0.67,0.36,1.33,1.7,1.8,0.67,0.28,0.85,1.41,1
Joe Chealey,CHO,2019,EAST,23,2,1,8,2,1,3,0.333,0,0,0,0,0,0,0,0,0,1,0,0,0,1,8,2,1,0,0,0,0,0,1,0,0,0,1,0
Joe Harris,CLE,2014,EAST,23,8,51,493,136,48,120,0.4,31,84,0.369,9,15,0.6,7,34,41,26,7,2,27,62,9.67,2.7,0.94,0.61,0.18,0.14,0.67,0.8,0.5,0.14,0.04,0.53,1.22,1
Joel Bolomboy,UTA,2016,WEST,23,2,12,53,22,9,16,0.563,1,4,0.25,3,6,0.5,4,13,17,2,1,2,2,1,4.42,1.8,0.75,0.08,0.25,0.33,1.08,1.4,0.2,0.08,0.17,0.17,0.08,0
Joel Embiid,PHI,2016,EAST,22,6,31,786,627,200,429,0.466,36,98,0.367,191,244,0.783,61,182,243,66,27,76,117,112,25.35,20.2,6.45,1.16,6.16,1.97,5.87,7.8,2.1,0.87,2.45,3.77,3.61,1
John Collins,ATL,2017,EAST,20,5,74,1785,777,314,545,0.576,16,47,0.34,133,186,0.715,176,365,541,98,47,80,105,215,24.12,10.5,4.24,0.22,1.8,2.38,4.93,7.3,1.3,0.64,1.08,1.42,2.91,1
Johnathan Motley,DAL,2017,WEST,22,3,11,176,96,40,75,0.533,1,6,0.167,15,28,0.536,14,35,49,7,3,2,9,18,16,8.7,3.64,0.09,1.36,1.27,3.18,4.5,0.6,0.27,0.18,0.82,1.64,1
Johnathan Williams,LAL,2018,WEST,23,2,24,372,157,65,110,0.591,0,2,0,27,48,0.563,48,51,99,13,8,7,16,62,15.5,6.5,2.71,0,1.12,2,2.12,4.1,0.5,0.33,0.29,0.67,2.58,0
Jonah Bolden,PHI,2018,EAST,23,2,44,639,207,80,162,0.494,34,96,0.354,13,27,0.481,47,118,165,40,17,39,36,99,14.52,4.7,1.82,0.77,0.3,1.07,2.68,3.8,0.9,0.39,0.89,0.82,2.25,0
Jonathan Isaac,ORL,2017,EAST,20,3,27,536,145,55,145,0.379,16,46,0.348,19,25,0.76,16,83,99,18,33,30,27,48,19.85,5.4,2.04,0.59,0.7,0.59,3.07,3.7,0.7,1.22,1.11,1,1.78,1
Jordan Adams,MEM,2014,WEST,20,2,30,248,94,35,86,0.407,10,25,0.4,14,23,0.609,9,19,28,16,16,7,14,24,8.27,3.1,1.17,0.33,0.47,0.3,0.63,0.9,0.5,0.53,0.23,0.47,0.8,0
Jordan Bell,GSW,2017,WEST,23,5,57,809,262,116,185,0.627,0,4,0,30,44,0.682,60,147,207,102,35,56,51,92,14.19,4.6,2.04,0,0.53,1.05,2.58,3.6,1.8,0.61,0.98,0.89,1.61,1
Jordan Clarkson,LAL,2014,WEST,22,8,59,1476,703,267,596,0.448,38,121,0.314,131,158,0.829,56,135,191,206,51,12,96,109,25.02,11.9,4.53,0.64,2.22,0.95,2.29,3.2,3.5,0.86,0.2,1.63,1.85,1
Jordan Loyd,TOR,2018,EAST,25,1,12,55,29,8,18,0.444,4,8,0.5,9,11,0.818,1,8,9,6,0,0,2,5,4.58,2.4,0.67,0.33,0.75,0.08,0.67,0.8,0.5,0,0,0.17,0.42,0
Jordan McRae,PHO,2016,WEST,24,4,22,195,99,34,78,0.436,10,22,0.455,21,28,0.75,4,16,20,25,3,1,15,17,8.86,4.5,1.55,0.45,0.95,0.18,0.73,0.9,1.1,0.14,0.05,0.68,0.77,1
Jordan Mickey,BOS,2015,EAST,21,3,16,57,21,8,22,0.364,0,0,0,5,10,0.5,6,7,13,1,0,11,1,5,3.56,1.3,0.5,0,0.31,0.38,0.44,0.8,0.1,0,0.69,0.06,0.31,1
Jordan Sibert,ATL,2019,EAST,26,1,1,4,3,1,1,1,1,1,1,0,0,0,0,0,0,0,0,0,0,0,4,3,1,1,0,0,0,0,0,0,0,0,0,0
Josh Gray,PHO,2018,WEST,24,2,5,86,32,11,41,0.268,3,13,0.231,7,11,0.636,2,8,10,12,8,2,7,8,17.2,6.4,2.2,0.6,1.4,0.4,1.6,2,2.4,1.6,0.4,1.4,1.6,0
Josh Hart,LAL,2017,WEST,22,5,63,1461,496,176,375,0.469,78,197,0.396,66,94,0.702,42,221,263,80,47,16,47,107,23.19,7.9,2.79,1.24,1.05,0.67,3.51,4.2,1.3,0.75,0.25,0.75,1.7,1
Josh Huestis,OKC,2016,WEST,24,3,5,55,14,5,12,0.417,4,6,0.667,0,4,0,2,8,10,0,1,2,3,3,11,2.8,1,0.8,0,0.4,1.6,2,0,0.2,0.4,0.6,0.6,1
Josh Jackson,PHO,2017,WEST,20,5,77,1959,1012,389,932,0.417,57,217,0.263,177,279,0.634,95,256,351,119,80,35,146,218,25.44,13.1,5.05,0.74,2.3,1.23,3.32,4.6,1.5,1.04,0.45,1.9,2.83,1
Josh Okogie,MIN,2018,EAST,20,4,74,1757,570,196,508,0.386,60,215,0.279,118,162,0.728,41,177,218,91,88,33,63,166,23.74,7.7,2.65,0.81,1.59,0.55,2.39,2.9,1.2,1.19,0.45,0.85,2.24,1
Josh Richardson,MIA,2015,EAST,22,7,52,1107,341,123,272,0.452,53,115,0.461,42,63,0.667,21,86,107,73,36,25,35,107,21.29,6.6,2.37,1.02,0.81,0.4,1.65,2.1,1.4,0.69,0.48,0.67,2.06,1
Julian Washburn,MEM,2019,WEST,27,1,18,254,40,16,48,0.333,5,24,0.208,3,4,0.75,8,33,41,14,13,2,7,16,14.11,2.2,0.89,0.28,0.17,0.44,1.83,2.3,0.8,0.72,0.11,0.39,0.89,0
Julius Randle,LAL,2014,WEST,20,8,1,14,2,1,3,0.333,0,0,0,0,2,0,0,0,0,0,0,0,1,1,14,2,1,0,0,0,0,0,0,0,0,1,1,1
Justin Anderson,DAL,2015,WEST,22,6,55,647,208,71,175,0.406,22,83,0.265,44,55,0.8,18,114,132,29,19,25,24,45,11.76,3.8,1.29,0.4,0.8,0.33,2.07,2.4,0.5,0.35,0.45,0.44,0.82,1
Justin Jackson,SAC,2017,WEST,22,5,68,1506,453,185,419,0.442,57,185,0.308,26,36,0.722,27,160,187,74,28,13,40,81,22.15,6.7,2.72,0.84,0.38,0.4,2.35,2.8,1.1,0.41,0.19,0.59,1.19,1
Justin Patton,MIN,2018,EAST,20,4,1,4,2,1,2,0.5,0,0,0,0,0,0,0,0,0,0,1,0,0,1,4,2,1,0,0,0,0,0,0,1,0,0,1,1
Justise Winslow,MIA,2015,EAST,19,7,78,2232,502,195,462,0.422,32,116,0.276,80,117,0.684,81,322,403,117,68,26,95,184,28.62,6.4,2.5,0.41,1.03,1.04,4.13,5.2,1.5,0.87,0.33,1.22,2.36,1
K.J. McDaniels,PHI,2014,EAST,21,3,62,1352,487,172,434,0.396,43,150,0.287,100,133,0.752,65,135,200,72,44,70,105,126,21.81,7.9,2.77,0.69,1.61,1.05,2.18,3.2,1.2,0.71,1.13,1.69,2.03,1
Kadeem Allen,BOS,2017,EAST,25,3,18,107,19,6,22,0.273,0,11,0,7,9,0.778,4,7,11,12,3,2,9,15,5.94,1.1,0.33,0,0.39,0.22,0.39,0.6,0.7,0.17,0.11,0.5,0.83,1
Karl-Anthony Towns,MIN,2015,EAST,20,7,82,2627,1503,625,1153,0.542,30,88,0.341,223,275,0.811,229,629,858,161,58,138,183,245,32.04,18.3,7.62,0.37,2.72,2.79,7.67,10.5,2,0.71,1.68,2.23,2.99,1
Keita Bates-Diop,MIN,2018,EAST,23,4,30,503,151,60,142,0.423,13,52,0.25,18,28,0.643,16,67,83,17,18,14,14,29,16.77,5,2,0.43,0.6,0.53,2.23,2.8,0.6,0.6,0.47,0.47,0.97,1
Keith Appling,ORL,2016,EAST,23,1,5,27,6,2,8,0.25,0,3,0,2,2,1,0,1,1,1,1,0,3,5,5.4,1.2,0.4,0,0.4,0,0.2,0.2,0.2,0.2,0,0.6,1,0
Kelly Olynyk,BOS,2013,EAST,22,9,70,1400,607,234,502,0.466,40,114,0.351,99,122,0.811,140,225,365,109,35,27,106,227,20,8.7,3.34,0.57,1.41,2,3.21,5.2,1.6,0.5,0.39,1.51,3.24,1
Kenrich Williams,NOP,2018,WEST,24,4,46,1079,279,107,279,0.384,52,156,0.333,13,19,0.684,55,164,219,83,45,19,36,95,23.46,6.1,2.33,1.13,0.28,1.2,3.57,4.8,1.8,0.98,0.41,0.78,2.07,1
Kentavious Caldwell-Pope,DET,2013,EAST,20,9,80,1583,470,182,460,0.396,59,185,0.319,47,61,0.77,38,118,156,55,75,12,28,145,19.79,5.9,2.28,0.74,0.59,0.48,1.48,2,0.7,0.94,0.15,0.35,1.81,1
Kevin Huerter,ATL,2018,EAST,20,4,75,2048,727,275,657,0.419,136,353,0.385,41,56,0.732,60,185,245,214,65,25,109,155,27.31,9.7,3.67,1.81,0.55,0.8,2.47,3.3,2.9,0.87,0.33,1.45,2.07,1
Kevin Knox,NYK,2018,EAST,19,4,75,2158,963,338,914,0.37,125,364,0.343,162,226,0.717,61,274,335,82,43,24,114,175,28.77,12.8,4.51,1.67,2.16,0.81,3.65,4.5,1.1,0.57,0.32,1.52,2.33,1
Kevon Looney,GSW,2016,WEST,19,7,5,21,9,4,7,0.571,1,2,0.5,0,0,0,4,6,10,0,0,0,1,2,4.2,1.8,0.8,0.2,0,0.8,1.2,2,0,0,0,0.2,0.4,1
Khem Birch,ORL,2017,EAST,25,5,42,578,178,68,126,0.54,0,0,0,42,61,0.689,70,110,180,34,15,21,21,56,13.76,4.2,1.62,0,1,1.67,2.62,4.3,0.8,0.36,0.5,0.5,1.33,1
Khyri Thomas,DET,2018,EAST,22,3,26,195,61,22,69,0.319,10,35,0.286,7,11,0.636,4,16,20,8,7,5,4,22,7.5,2.3,0.85,0.38,0.27,0.15,0.62,0.8,0.3,0.27,0.19,0.15,0.85,1
Kobi Simmons,MEM,2017,WEST,20,2,32,643,196,80,189,0.423,11,39,0.282,25,25,1,14,36,50,68,18,5,44,61,20.09,6.1,2.5,0.34,0.78,0.44,1.12,1.6,2.1,0.56,0.16,1.38,1.91,0
Kostas Antetokounmpo,DAL,2019,WEST,21,3,2,11,2,0,3,0,0,0,0,2,4,0.5,0,1,1,0,2,0,1,0,5.5,1,0,0,1,0,0.5,0.5,0,1,0,0.5,0,1
Kris Dunn,MIN,2016,EAST,22,5,78,1333,293,118,313,0.377,21,73,0.288,36,59,0.61,24,142,166,188,78,36,89,178,17.09,3.8,1.51,0.27,0.46,0.31,1.82,2.1,2.4,1,0.46,1.14,2.28,1
Kyle Anderson,SAS,2014,WEST,21,8,33,358,74,31,89,0.348,3,11,0.273,9,14,0.643,5,67,72,28,15,7,10,28,10.85,2.2,0.94,0.09,0.27,0.15,2.03,2.2,0.8,0.45,0.21,0.3,0.85,1
Kyle Collinsworth,DAL,2017,WEST,26,1,32,480,101,38,99,0.384,4,17,0.235,21,40,0.525,32,75,107,56,17,9,24,44,15,3.2,1.19,0.12,0.66,1,2.34,3.3,1.8,0.53,0.28,0.75,1.38,0
Kyle Kuzma,LAL,2017,WEST,22,5,77,2401,1242,468,1039,0.45,159,434,0.366,147,208,0.707,88,395,483,141,49,34,140,160,31.18,16.1,6.08,2.06,1.91,1.14,5.13,6.3,1.8,0.64,0.44,1.82,2.08,1
Kyle Wiltjer,HOU,2016,EAST,24,1,14,44,13,4,14,0.286,4,13,0.308,1,2,0.5,4,6,10,2,3,1,5,4,3.14,0.9,0.29,0.29,0.07,0.29,0.43,0.7,0.1,0.21,0.07,0.36,0.29,0
Lamar Patterson,ATL,2015,EAST,24,2,35,395,84,28,80,0.35,12,49,0.245,16,22,0.727,4,46,50,39,9,2,23,45,11.29,2.4,0.8,0.34,0.46,0.11,1.31,1.4,1.1,0.26,0.06,0.66,1.29,0
Landry Shamet,PHI,2018,EAST,21,4,79,1802,722,240,557,0.431,167,396,0.422,75,93,0.806,21,113,134,117,37,10,45,155,22.81,9.1,3.04,2.11,0.95,0.27,1.43,1.7,1.5,0.47,0.13,0.57,1.96,1
Langston Galloway,NYK,2015,EAST,23,8,45,1457,533,204,511,0.399,62,176,0.352,63,78,0.808,37,153,190,150,52,12,61,129,32.38,11.8,4.53,1.38,1.4,0.82,3.4,4.2,3.3,1.16,0.27,1.36,2.87,1
Larry Drew II,PHI,2015,EAST,24,2,12,219,46,20,58,0.345,4,26,0.154,2,3,0.667,1,14,15,45,6,0,25,13,18.25,3.8,1.67,0.33,0.17,0.08,1.17,1.3,3.8,0.5,0,2.08,1.08,0
Larry Nance Jr.,LAL,2015,WEST,23,7,63,1266,349,158,300,0.527,1,10,0.1,32,47,0.681,101,211,312,44,54,23,41,124,20.1,5.5,2.51,0.02,0.51,1.6,3.35,5,0.7,0.86,0.37,0.65,1.97,1
Lauri Markkanen,CHI,2017,EAST,20,5,68,2020,1033,374,862,0.434,145,401,0.362,140,166,0.843,79,429,508,79,39,40,83,103,29.71,15.2,5.5,2.13,2.06,1.16,6.31,7.5,1.2,0.57,0.59,1.22,1.51,1
London Perrantes,CLE,2017,EAST,23,1,14,66,7,2,13,0.154,0,3,0,3,5,0.6,1,3,4,5,2,1,1,6,4.71,0.5,0.14,0,0.21,0.07,0.21,0.3,0.4,0.14,0.07,0.07,0.43,0
Lonnie Walker IV,SAS,2019,WEST,20,4,17,118,45,16,46,0.348,5,13,0.385,8,10,0.8,0,17,17,9,7,3,4,7,6.94,2.6,0.94,0.29,0.47,0,1,1,0.5,0.41,0.18,0.24,0.41,1
Lonzo Ball,LAL,2017,WEST,20,5,52,1780,528,203,564,0.36,90,295,0.305,32,71,0.451,69,291,360,376,88,43,136,117,34.23,10.2,3.9,1.73,0.62,1.33,5.6,6.9,7.2,1.69,0.83,2.62,2.25,1
Lorenzo Brown,PHI,2013,EAST,23,5,26,224,64,26,86,0.302,3,30,0.1,9,13,0.692,8,20,28,41,13,3,16,19,8.62,2.5,1,0.12,0.35,0.31,0.77,1.1,1.6,0.5,0.12,0.62,0.73,1
Luke Kennard,DET,2017,EAST,21,5,73,1463,558,206,465,0.443,81,195,0.415,65,76,0.855,21,155,176,124,44,13,69,86,20.04,7.6,2.82,1.11,0.89,0.29,2.12,2.4,1.7,0.6,0.18,0.95,1.18,1
Luke Kornet,NYK,2018,EAST,22,5,20,326,134,49,125,0.392,28,79,0.354,8,11,0.727,11,53,64,26,6,16,12,28,16.3,6.7,2.45,1.4,0.4,0.55,2.65,3.2,1.3,0.3,0.8,0.6,1.4,1
Malachi Richardson,SAC,2016,WEST,21,3,22,198,79,28,68,0.412,8,28,0.286,15,19,0.789,3,20,23,11,5,1,8,23,9,3.6,1.27,0.36,0.68,0.14,0.91,1,0.5,0.23,0.05,0.36,1.05,1
Malcolm Brogdon,MIL,2016,EAST,24,6,75,1982,767,290,635,0.457,78,193,0.404,109,126,0.865,47,166,213,317,84,12,113,140,26.43,10.2,3.87,1.04,1.45,0.63,2.21,2.8,4.2,1.12,0.16,1.51,1.87,1
Malcolm Miller,TOR,2017,EAST,24,3,15,126,38,13,28,0.464,8,21,0.381,4,4,1,4,11,15,3,1,2,5,10,8.4,2.5,0.87,0.53,0.27,0.27,0.73,1,0.2,0.07,0.13,0.33,0.67,1
Malik Beasley,DEN,2016,WEST,20,6,22,165,83,33,73,0.452,9,28,0.321,8,10,0.8,5,12,17,11,7,0,8,10,7.5,3.8,1.5,0.41,0.36,0.23,0.55,0.8,0.5,0.32,0,0.36,0.45,1
Malik Monk,CHO,2017,EAST,19,5,63,854,421,153,425,0.36,83,243,0.342,32,38,0.842,8,58,66,91,20,9,49,60,13.56,6.7,2.43,1.32,0.51,0.13,0.92,1,1.4,0.32,0.14,0.78,0.95,1
Mangok Mathiang,CHO,2017,EAST,25,1,4,20,8,4,7,0.571,0,0,0,0,1,0,3,7,10,0,1,0,0,5,5,2,1,0,0,0.75,1.75,2.5,0,0.25,0,0,1.25,0
Marcus Derrickson,GSW,2018,WEST,22,1,11,67,46,16,33,0.485,10,20,0.5,4,5,0.8,8,5,13,1,0,1,3,9,6.09,4.2,1.45,0.91,0.36,0.73,0.45,1.2,0.1,0,0.09,0.27,0.82,0
Marcus Georges-Hunt,ORL,2017,EAST,22,2,5,48,14,2,7,0.286,1,2,0.5,9,10,0.9,1,8,9,3,1,0,2,5,9.6,2.8,0.4,0.2,1.8,0.2,1.6,1.8,0.6,0.2,0,0.4,1,0
Marcus Paige,CHO,2017,EAST,24,1,5,28,12,4,14,0.286,2,8,0.25,2,2,1,0,4,4,3,0,0,0,0,5.6,2.4,0.8,0.4,0.4,0,0.8,0.8,0.6,0,0,0,0,0
Marcus Smart,BOS,2014,EAST,20,8,67,1808,523,175,477,0.367,91,272,0.335,82,127,0.646,61,161,222,208,99,18,90,176,26.99,7.8,2.61,1.36,1.22,0.91,2.4,3.3,3.1,1.48,0.27,1.34,2.63,1
Markel Brown,BRK,2014,EAST,23,3,47,781,216,76,210,0.362,17,64,0.266,47,57,0.825,16,91,107,39,31,12,27,57,16.62,4.6,1.62,0.36,1,0.34,1.94,2.3,0.8,0.66,0.26,0.57,1.21,1
Markelle Fultz,PHI,2017,EAST,19,4,14,253,100,45,111,0.405,0,1,0,10,21,0.476,11,32,43,53,12,4,17,22,18.07,7.1,3.21,0,0.71,0.79,2.29,3.1,3.8,0.86,0.29,1.21,1.57,1
Marquese Chriss,PHO,2016,WEST,19,6,82,1743,753,284,632,0.449,72,224,0.321,113,181,0.624,96,252,348,60,67,70,108,263,21.26,9.2,3.46,0.88,1.38,1.17,3.07,4.2,0.7,0.82,0.85,1.32,3.21,1
Marshall Plumlee,NYK,2016,EAST,24,2,21,170,40,16,30,0.533,0,0,0,8,19,0.421,23,28,51,10,4,4,12,23,8.1,1.9,0.76,0,0.38,1.1,1.33,2.4,0.5,0.19,0.19,0.57,1.1,0
Marvin Bagley III,SAC,2018,WEST,19,4,62,1567,923,356,706,0.504,30,96,0.313,181,262,0.691,162,309,471,62,33,59,98,120,25.27,14.9,5.74,0.48,2.92,2.61,4.98,7.6,1,0.53,0.95,1.58,1.94,1
Mason Plumlee,BRK,2013,EAST,23,9,70,1275,520,199,302,0.659,0,3,0,122,195,0.626,99,209,308,60,49,55,77,171,18.21,7.4,2.84,0,1.74,1.41,2.99,4.4,0.9,0.7,0.79,1.1,2.44,1
Matt Costello,SAS,2017,WEST,24,1,4,32,4,2,4,0.5,0,0,0,0,0,0,1,8,9,2,2,2,1,7,8,1,0.5,0,0,0.25,2,2.3,0.5,0.5,0.5,0.25,1.75,0
Matt Williams,MIA,2017,EAST,24,1,3,11,5,2,6,0.333,1,5,0.2,0,0,0,0,1,1,0,0,0,1,1,3.67,1.7,0.67,0.33,0,0,0.33,0.3,0,0,0,0.33,0.33,0
Matthew Dellavedova,CLE,2013,EAST,23,8,72,1271,339,122,296,0.412,57,155,0.368,38,48,0.792,29,94,123,187,33,5,60,121,17.65,4.7,1.69,0.79,0.53,0.4,1.31,1.7,2.6,0.46,0.07,0.83,1.68,1
Maurice Ndour,NYK,2016,EAST,24,1,32,331,98,39,86,0.453,1,7,0.143,19,26,0.731,22,42,64,8,15,8,12,30,10.34,3.1,1.22,0.03,0.59,0.69,1.31,2,0.3,0.47,0.25,0.38,0.94,0
Melvin Frazier,ORL,2018,EAST,22,2,10,44,15,7,21,0.333,0,6,0,1,4,0.25,3,2,5,1,1,0,1,6,4.4,1.5,0.7,0,0.1,0.3,0.2,0.5,0.1,0.1,0,0.1,0.6,0
Michael Carter-Williams,PHI,2013,EAST,22,8,70,2414,1167,427,1054,0.405,55,208,0.264,258,367,0.703,101,336,437,441,130,43,247,213,34.49,16.7,6.1,0.79,3.69,1.44,4.8,6.2,6.3,1.86,0.61,3.53,3.04,1
Michael Gbinije,DET,2016,EAST,24,1,9,32,4,1,10,0.1,0,4,0,2,2,1,2,1,3,2,0,0,0,2,3.56,0.4,0.11,0,0.22,0.22,0.11,0.3,0.2,0,0,0,0.22,0
Mikal Bridges,PHO,2018,WEST,22,4,82,2417,684,242,563,0.43,105,313,0.335,95,118,0.805,56,208,264,173,129,38,70,201,29.48,8.3,2.95,1.28,1.16,0.68,2.54,3.2,2.1,1.57,0.46,0.85,2.45,1
Mike Muscala,ATL,2014,EAST,22,9,20,215,76,31,73,0.425,0,3,0,14,14,1,17,35,52,7,3,10,12,29,10.75,3.8,1.55,0,0.7,0.85,1.75,2.6,0.4,0.15,0.5,0.6,1.45,1
Mike Tobey,CHO,2017,EAST,22,1,2,25,2,1,4,0.25,0,0,0,0,0,0,2,1,3,1,0,0,1,2,12.5,1,0.5,0,0,1,0.5,1.5,0.5,0,0,0.5,1,0
Miles Bridges,CHO,2018,EAST,20,4,80,1696,597,237,511,0.464,65,200,0.325,58,77,0.753,67,256,323,95,55,49,50,111,21.2,7.5,2.96,0.81,0.72,0.84,3.2,4,1.2,0.69,0.61,0.62,1.39,1
Milton Doyle,BRK,2017,EAST,24,1,10,125,34,13,47,0.277,4,23,0.174,4,8,0.5,3,15,18,10,6,2,2,13,12.5,3.4,1.3,0.4,0.4,0.3,1.5,1.8,1,0.6,0.2,0.2,1.3,0
Mitch McGary,OKC,2014,WEST,22,2,32,485,201,88,165,0.533,0,2,0,25,40,0.625,53,112,165,14,16,16,31,72,15.16,6.3,2.75,0,0.78,1.66,3.5,5.2,0.4,0.5,0.5,0.97,2.25,0
Monte Morris,DEN,2017,WEST,22,5,3,25,10,4,6,0.667,0,1,0,2,2,1,0,2,2,7,3,0,1,1,8.33,3.3,1.33,0,0.67,0,0.67,0.7,2.3,1,0,0.33,0.33,1
Montrezl Harrell,HOU,2015,EAST,22,7,39,379,140,58,90,0.644,0,1,0,24,46,0.522,25,40,65,17,11,11,17,48,9.72,3.6,1.49,0,0.62,0.64,1.03,1.7,0.4,0.28,0.28,0.44,1.23,1
Moritz Wagner,LAL,2018,WEST,21,4,43,446,207,71,171,0.415,22,77,0.286,43,53,0.811,17,68,85,24,11,13,39,57,10.37,4.8,1.65,0.51,1,0.4,1.58,2,0.6,0.26,0.3,0.91,1.33,1
Myke Henry,MEM,2018,WEST,25,1,20,378,107,41,109,0.376,19,58,0.328,6,10,0.6,10,28,38,22,31,6,19,28,18.9,5.4,2.05,0.95,0.3,0.5,1.4,1.9,1.1,1.55,0.3,0.95,1.4,0
Myles Turner,IND,2015,EAST,19,7,60,1367,619,264,530,0.498,3,14,0.214,88,121,0.727,68,264,332,41,25,86,67,158,22.78,10.3,4.4,0.05,1.47,1.13,4.4,5.5,0.7,0.42,1.43,1.12,2.63,1
Nate Wolters,MIL,2013,EAST,22,3,58,1309,417,170,389,0.437,18,62,0.29,59,90,0.656,33,116,149,187,35,15,57,67,22.57,7.2,2.93,0.31,1.02,0.57,2,2.6,3.2,0.6,0.26,0.98,1.16,1
Nerlens Noel,PHI,2014,EAST,20,8,75,2311,744,302,653,0.462,0,0,0,140,230,0.609,185,426,611,128,133,142,146,208,30.81,9.9,4.03,0,1.87,2.47,5.68,8.1,1.7,1.77,1.89,1.95,2.77,1
Nick Johnson,HOU,2014,EAST,22,1,28,262,74,26,75,0.347,5,21,0.238,17,25,0.68,13,26,39,11,7,3,19,34,9.36,2.6,0.93,0.18,0.61,0.46,0.93,1.4,0.4,0.25,0.11,0.68,1.21,0
Nigel Hayes,LAL,2018,WEST,23,1,9,122,27,11,33,0.333,4,16,0.25,1,3,0.333,4,18,22,6,2,3,2,8,13.56,3,1.22,0.44,0.11,0.44,2,2.4,0.7,0.22,0.33,0.22,0.89,0
Nik Stauskas,SAC,2014,WEST,21,6,73,1127,319,108,296,0.365,48,149,0.322,55,64,0.859,11,77,88,67,20,17,40,92,15.44,4.4,1.48,0.66,0.75,0.15,1.05,1.2,0.9,0.27,0.23,0.55,1.26,1
Noah Vonleh,CHO,2014,EAST,19,7,25,259,83,30,76,0.395,5,13,0.385,18,26,0.692,28,58,86,4,4,9,11,20,10.36,3.3,1.2,0.2,0.72,1.12,2.32,3.4,0.2,0.16,0.36,0.44,0.8,1
Norman Powell,TOR,2015,EAST,22,7,49,725,273,97,229,0.424,36,89,0.404,43,53,0.811,16,95,111,47,29,10,32,59,14.8,5.6,1.98,0.73,0.88,0.33,1.94,2.3,1,0.59,0.2,0.65,1.2,1
OG Anunoby,TOR,2017,EAST,20,5,74,1481,438,163,346,0.471,73,197,0.371,39,62,0.629,44,140,184,55,52,14,45,130,20.01,5.9,2.2,0.99,0.53,0.59,1.89,2.5,0.7,0.7,0.19,0.61,1.76,1
Okaro White,MIA,2017,EAST,24,3,35,471,98,33,87,0.379,12,34,0.353,20,22,0.909,25,57,82,21,10,10,18,52,13.46,2.8,0.94,0.34,0.57,0.71,1.63,2.3,0.6,0.29,0.29,0.51,1.49,1
Omari Spellman,ATL,2018,EAST,21,2,46,805,272,98,244,0.402,44,128,0.344,32,45,0.711,72,122,194,47,26,25,31,67,17.5,5.9,2.13,0.96,0.7,1.57,2.65,4.2,1,0.57,0.54,0.67,1.46,0
P.J. Hairston,CHO,2014,EAST,22,2,45,687,254,87,269,0.323,49,163,0.301,31,36,0.861,22,70,92,21,21,13,22,61,15.27,5.6,1.93,1.09,0.69,0.49,1.56,2,0.5,0.47,0.29,0.49,1.36,0
Pascal Siakam,TOR,2016,EAST,22,6,55,859,229,103,205,0.502,1,7,0.143,22,32,0.688,64,121,185,17,26,45,33,109,15.62,4.2,1.87,0.02,0.4,1.16,2.2,3.4,0.3,0.47,0.82,0.6,1.98,1
Pat Connaughton,POR,2015,WEST,23,7,34,143,36,13,49,0.265,5,21,0.238,5,5,1,11,21,32,10,2,0,10,6,4.21,1.1,0.38,0.15,0.15,0.32,0.62,0.9,0.3,0.06,0,0.29,0.18,1
Patricio Garino,ORL,2017,EAST,23,1,5,43,0,0,7,0,0,5,0,0,0,0,1,6,7,0,0,0,3,4,8.6,0,0,0,0,0.2,1.2,1.4,0,0,0,0.6,0.8,0
Patrick McCaw,GSW,2016,WEST,21,5,71,1074,282,106,245,0.433,41,123,0.333,29,37,0.784,21,79,100,77,32,15,36,62,15.13,4,1.49,0.58,0.41,0.3,1.11,1.4,1.1,0.45,0.21,0.51,0.87,1
Peyton Siva,DET,2013,EAST,23,1,24,224,54,18,57,0.316,7,25,0.28,11,15,0.733,2,12,14,34,9,1,18,27,9.33,2.3,0.75,0.29,0.46,0.08,0.5,0.6,1.4,0.38,0.04,0.75,1.12,0
Pierre Jackson,DAL,2016,WEST,25,1,8,84,35,13,39,0.333,3,11,0.273,6,7,0.857,1,8,9,19,2,0,3,5,10.5,4.4,1.62,0.38,0.75,0.12,1,1.1,2.4,0.25,0,0.38,0.62,0
PJ Dozier,OKC,2018,WEST,21,5,2,3,2,1,2,0.5,0,0,0,0,0,0,0,1,1,0,0,0,1,1,1.5,1,0.5,0,0,0,0.5,0.5,0,0,0,0.5,0.5,1
Quinn Cook,DAL,2017,WEST,23,5,14,188,79,33,66,0.5,11,26,0.423,2,5,0.4,1,6,7,26,4,0,13,13,13.43,5.6,2.36,0.79,0.14,0.07,0.43,0.5,1.9,0.29,0,0.93,0.93,1
R.J. Hunter,BOS,2015,EAST,22,4,36,315,97,36,98,0.367,19,63,0.302,6,7,0.857,2,35,37,13,14,4,11,29,8.75,2.7,1,0.53,0.17,0.06,0.97,1,0.4,0.39,0.11,0.31,0.81,1
Rakeem Christmas,IND,2016,EAST,24,2,1,6,4,2,2,1,0,0,0,0,0,0,1,0,1,0,0,0,0,1,6,4,2,0,0,1,0,1,0,0,0,0,1,0
Rashad Vaughn,MIL,2015,EAST,19,3,70,1001,217,81,266,0.305,43,147,0.293,12,15,0.8,11,77,88,39,29,16,28,73,14.3,3.1,1.16,0.61,0.17,0.16,1.1,1.3,0.6,0.41,0.23,0.4,1.04,1
Rawle Alkins,CHI,2018,EAST,21,1,10,120,37,13,39,0.333,3,12,0.25,8,12,0.667,11,15,26,13,1,0,8,7,12,3.7,1.3,0.3,0.8,1.1,1.5,2.6,1.3,0.1,0,0.8,0.7,0
Ray McCallum,SAC,2013,WEST,22,3,45,897,280,113,300,0.377,22,59,0.373,32,43,0.744,18,61,79,120,22,9,39,69,19.93,6.2,2.51,0.49,0.71,0.4,1.36,1.8,2.7,0.49,0.2,0.87,1.53,1
Ray Spalding,DAL,2018,WEST,21,2,14,148,54,25,47,0.532,0,3,0,4,12,0.333,15,33,48,5,9,8,9,23,10.57,3.9,1.79,0,0.29,1.07,2.36,3.4,0.4,0.64,0.57,0.64,1.64,0
Reggie Bullock,LAC,2013,WEST,22,9,43,395,115,43,121,0.355,22,73,0.301,7,9,0.778,11,43,54,12,9,1,13,26,9.19,2.7,1,0.51,0.16,0.26,1,1.3,0.3,0.21,0.02,0.3,0.6,1
Reggie Hearn,DET,2018,EAST,26,1,3,7,3,1,2,0.5,1,2,0.5,0,0,0,0,0,0,0,0,0,0,0,2.33,1,0.33,0.33,0,0,0,0,0,0,0,0,0,0
Richaun Holmes,PHI,2015,EAST,22,7,51,702,287,114,222,0.514,8,44,0.182,51,74,0.689,62,73,135,33,19,40,32,92,13.76,5.6,2.24,0.16,1,1.22,1.43,2.6,0.6,0.37,0.78,0.63,1.8,1
Robert Covington,HOU,2014,EAST,23,9,7,34,16,6,14,0.429,4,11,0.364,0,0,0,2,3,5,0,2,0,1,3,4.86,2.3,0.86,0.57,0,0.29,0.43,0.7,0,0.29,0,0.14,0.43,1
Robert Williams,BOS,2018,EAST,21,4,32,283,81,36,51,0.706,0,0,0,9,15,0.6,27,54,81,7,9,40,10,36,8.84,2.5,1.12,0,0.28,0.84,1.69,2.5,0.2,0.28,1.25,0.31,1.12,1
Rodney Hood,UTA,2014,WEST,22,8,50,1064,433,155,374,0.414,62,170,0.365,61,80,0.763,9,108,117,83,30,12,45,119,21.28,8.7,3.1,1.24,1.22,0.18,2.16,2.3,1.7,0.6,0.24,0.9,2.38,1
Rodney McGruder,MIA,2016,EAST,25,6,78,1966,497,190,460,0.413,73,220,0.332,44,71,0.62,94,162,256,124,46,18,56,140,25.21,6.4,2.44,0.94,0.56,1.21,2.08,3.3,1.6,0.59,0.23,0.72,1.79,1
Rodney Purvis,ORL,2018,EAST,23,1,16,290,96,35,107,0.327,13,52,0.25,13,15,0.867,1,26,27,17,3,3,10,26,18.12,6,2.19,0.81,0.81,0.06,1.62,1.7,1.1,0.19,0.19,0.62,1.62,0
Ron Baker,NYK,2016,EAST,23,3,52,857,215,82,217,0.378,23,86,0.267,28,43,0.651,12,86,98,107,34,8,56,74,16.48,4.1,1.58,0.44,0.54,0.23,1.65,1.9,2.1,0.65,0.15,1.08,1.42,1
Rondae Hollis-Jefferson,BRK,2015,EAST,21,6,29,615,167,63,138,0.457,4,14,0.286,37,52,0.712,39,115,154,43,39,16,26,61,21.21,5.8,2.17,0.14,1.28,1.34,3.97,5.3,1.5,1.34,0.55,0.9,2.1,1
Royce O'Neale,UTA,2017,WEST,24,5,69,1150,343,120,284,0.423,42,118,0.356,61,76,0.803,25,211,236,95,36,16,55,105,16.67,5,1.74,0.61,0.88,0.36,3.06,3.4,1.4,0.52,0.23,0.8,1.52,1
Russ Smith,NOP,2014,WEST,23,2,12,65,30,8,25,0.32,2,11,0.182,12,13,0.923,1,5,6,8,3,0,12,13,5.42,2.5,0.67,0.17,1,0.08,0.42,0.5,0.7,0.25,0,1,1.08,0
Ryan Arcidiacono,CHI,2017,EAST,23,4,24,304,48,17,41,0.415,9,31,0.29,5,6,0.833,1,24,25,35,13,0,13,18,12.67,2,0.71,0.38,0.21,0.04,1,1,1.5,0.54,0,0.54,0.75,1
Ryan Broekhoff,DAL,2018,WEST,28,2,42,453,167,57,126,0.452,38,93,0.409,15,19,0.789,8,55,63,22,6,4,16,35,10.79,4,1.36,0.9,0.36,0.19,1.31,1.5,0.5,0.14,0.1,0.38,0.83,0
Ryan Kelly,LAL,2013,WEST,22,4,59,1312,472,157,371,0.423,48,142,0.338,110,135,0.815,42,177,219,95,32,45,47,147,22.24,8,2.66,0.81,1.86,0.71,3,3.7,1.6,0.54,0.76,0.8,2.49,1
Sam Dekker,HOU,2015,EAST,21,5,3,6,0,0,0,0,0,0,0,0,0,0,0,1,1,0,1,0,0,0,2,0,0,0,0,0,0.33,0.3,0,0.33,0,0,0,1
Sean Kilpatrick,MIN,2015,EAST,25,4,4,72,22,7,20,0.35,4,13,0.308,4,4,1,1,5,6,4,3,0,2,3,18,5.5,1.75,1,1,0.25,1.25,1.5,1,0.75,0,0.5,0.75,1
Semaj Christon,OKC,2016,WEST,24,1,64,973,183,77,223,0.345,12,63,0.19,17,31,0.548,19,68,87,130,28,7,43,79,15.2,2.9,1.2,0.19,0.27,0.3,1.06,1.4,2,0.44,0.11,0.67,1.23,0
Semi Ojeleye,BOS,2017,EAST,23,5,73,1150,195,65,188,0.346,40,125,0.32,25,41,0.61,37,124,161,20,21,4,25,91,15.75,2.7,0.89,0.55,0.34,0.51,1.7,2.2,0.3,0.29,0.05,0.34,1.25,1
Seth Curry,MEM,2014,WEST,23,8,2,13,3,1,3,0.333,1,1,1,0,0,0,0,1,1,0,2,0,0,0,6.5,1.5,0.5,0.5,0,0,0.5,0.5,0,1,0,0,0,1
Shabazz Muhammad,MIN,2013,EAST,21,5,37,290,143,57,124,0.46,3,11,0.273,26,40,0.65,24,29,53,6,8,1,16,24,7.84,3.9,1.54,0.08,0.7,0.65,0.78,1.4,0.2,0.22,0.03,0.43,0.65,1
Shabazz Napier,MIA,2014,EAST,23,6,51,1012,261,87,228,0.382,43,118,0.364,44,56,0.786,17,96,113,130,40,4,81,76,19.84,5.1,1.71,0.84,0.86,0.33,1.88,2.2,2.5,0.78,0.08,1.59,1.49,1
Shai Gilgeous-Alexander,LAC,2018,WEST,20,4,82,2174,889,341,716,0.476,51,139,0.367,156,195,0.8,57,175,232,270,96,45,141,175,26.51,10.8,4.16,0.62,1.9,0.7,2.13,2.8,3.3,1.17,0.55,1.72,2.13,1
Shake Milton,PHI,2018,EAST,22,4,20,268,87,34,87,0.391,14,44,0.318,5,7,0.714,9,26,35,18,8,8,6,29,13.4,4.4,1.7,0.7,0.25,0.45,1.3,1.8,0.9,0.4,0.4,0.3,1.45,1
Shane Larkin,DAL,2013,WEST,21,4,48,489,132,52,137,0.38,12,38,0.316,16,25,0.64,11,31,42,71,26,1,39,46,10.19,2.8,1.08,0.25,0.33,0.23,0.65,0.9,1.5,0.54,0.02,0.81,0.96,1
Shaquille Harrison,PHO,2018,WEST,24,5,23,384,152,59,124,0.476,6,26,0.231,28,38,0.737,9,52,61,55,26,7,22,42,16.7,6.6,2.57,0.26,1.22,0.39,2.26,2.7,2.4,1.13,0.3,0.96,1.83,1
Shawn Long,PHI,2017,EAST,24,1,18,234,148,61,109,0.56,7,19,0.368,19,35,0.543,41,44,85,13,9,9,13,49,13,8.2,3.39,0.39,1.06,2.28,2.44,4.7,0.7,0.5,0.5,0.72,2.72,0
Shayne Whittington,IND,2014,EAST,23,2,20,108,57,19,42,0.452,1,6,0.167,18,23,0.783,10,19,29,6,5,2,5,18,5.4,2.9,0.95,0.05,0.9,0.5,0.95,1.5,0.3,0.25,0.1,0.25,0.9,0
Sim Bhullar,SAC,2015,WEST,22,1,3,3,2,1,2,0.5,0,0,0,0,0,0,0,1,1,1,0,1,0,0,1,0.7,0.33,0,0,0,0.33,0.3,0.3,0,0.33,0,0,0
Sindarius Thornwell,LAC,2017,WEST,23,4,73,1156,282,100,233,0.429,23,61,0.377,59,88,0.67,33,107,140,68,48,25,53,125,15.84,3.9,1.37,0.32,0.81,0.45,1.47,1.9,0.9,0.66,0.34,0.73,1.71,1
Solomon Hill,IND,2013,EAST,22,9,28,226,47,17,40,0.425,7,23,0.304,6,7,0.857,9,32,41,12,5,2,13,19,8.07,1.7,0.61,0.25,0.21,0.32,1.14,1.5,0.4,0.18,0.07,0.46,0.68,1
Spencer Dinwiddie,DET,2014,EAST,21,8,34,455,145,51,169,0.302,12,65,0.185,31,34,0.912,4,44,48,104,19,6,33,53,13.38,4.3,1.5,0.35,0.91,0.12,1.29,1.4,3.1,0.56,0.18,0.97,1.56,1
Stanley Johnson,DET,2015,EAST,19,7,73,1687,593,225,600,0.375,63,205,0.307,80,102,0.784,58,248,306,118,55,12,114,178,23.11,8.1,3.08,0.86,1.1,0.79,3.4,4.2,1.6,0.75,0.16,1.56,2.44,1
Sterling Brown,MIL,2017,EAST,22,5,54,776,217,82,205,0.4,32,91,0.352,21,24,0.875,27,116,143,25,31,13,25,80,14.37,4,1.52,0.59,0.39,0.5,2.15,2.6,0.5,0.57,0.24,0.46,1.48,1
Steven Adams,OKC,2013,WEST,20,9,81,1197,265,93,185,0.503,0,0,0,79,136,0.581,142,190,332,43,40,57,71,203,14.78,3.3,1.15,0,0.98,1.75,2.35,4.1,0.5,0.49,0.7,0.88,2.51,1
T.J. McConnell,PHI,2015,EAST,23,7,81,1606,493,218,464,0.47,31,89,0.348,26,41,0.634,43,207,250,367,95,10,140,114,19.83,6.1,2.69,0.38,0.32,0.53,2.56,3.1,4.5,1.17,0.12,1.73,1.41,1
T.J. Warren,PHO,2014,WEST,21,7,40,614,245,113,214,0.528,5,21,0.238,14,19,0.737,41,44,85,25,18,9,27,51,15.35,6.1,2.82,0.12,0.35,1.02,1.1,2.1,0.6,0.45,0.22,0.68,1.27,1
Tahjere McCall,BRK,2019,EAST,24,1,1,8,4,2,3,0.667,0,1,0,0,1,0,0,1,1,0,0,0,0,2,8,4,2,0,0,0,1,1,0,0,0,0,2,0
Tarik Black,HOU,2014,EAST,23,4,63,1196,379,157,273,0.575,0,1,0,65,118,0.551,142,226,368,42,19,24,48,158,18.98,6,2.49,0,1.03,2.25,3.59,5.8,0.7,0.3,0.38,0.76,2.51,1
Taurean Prince,ATL,2016,EAST,22,6,59,981,335,114,285,0.4,33,102,0.324,74,94,0.787,25,132,157,55,43,27,61,96,16.63,5.7,1.93,0.56,1.25,0.42,2.24,2.7,0.9,0.73,0.46,1.03,1.63,1
Terry Rozier,BOS,2015,EAST,21,7,39,311,72,29,106,0.274,6,27,0.222,8,10,0.8,24,39,63,37,6,1,19,23,7.97,1.8,0.74,0.15,0.21,0.62,1,1.6,0.9,0.15,0.03,0.49,0.59,1
Theo Pinson,BRK,2018,EAST,23,4,18,211,81,25,73,0.342,12,46,0.261,19,22,0.864,4,32,36,21,6,0,18,15,11.72,4.5,1.39,0.67,1.06,0.22,1.78,2,1.2,0.33,0,1,0.83,1
Thomas Bryant,LAL,2017,WEST,20,5,15,72,22,8,21,0.381,1,10,0.1,5,9,0.556,3,14,17,6,1,2,2,6,4.8,1.5,0.53,0.07,0.33,0.2,0.93,1.1,0.4,0.07,0.13,0.13,0.4,1
Thomas Welsh,DEN,2018,WEST,22,1,11,36,18,7,13,0.538,3,7,0.429,1,2,0.5,0,4,4,5,0,0,1,3,3.27,1.6,0.64,0.27,0.09,0,0.36,0.4,0.5,0,0,0.09,0.27,0
Tim Frazier,PHI,2015,EAST,24,8,11,239,57,21,61,0.344,5,17,0.294,10,21,0.476,6,22,28,60,8,0,25,26,21.73,5.2,1.91,0.45,0.91,0.55,2,2.5,5.5,0.73,0,2.27,2.36,1
Tim Hardaway Jr.,NYK,2013,EAST,21,9,81,1875,824,294,687,0.428,130,358,0.363,106,128,0.828,19,102,121,66,44,7,47,144,23.15,10.2,3.63,1.6,1.31,0.23,1.26,1.5,0.8,0.54,0.09,0.58,1.78,1
Tim Quarterman,POR,2016,WEST,22,2,16,80,31,13,29,0.448,5,13,0.385,0,3,0,4,10,14,11,2,3,11,6,5,1.9,0.81,0.31,0,0.25,0.62,0.9,0.7,0.12,0.19,0.69,0.38,0
Tony Bradley,UTA,2017,WEST,20,5,9,29,8,3,11,0.273,0,1,0,2,2,1,4,7,11,1,0,0,0,1,3.22,0.9,0.33,0,0.22,0.44,0.78,1.2,0.1,0,0,0,0.11,1
Tony Mitchell,DET,2013,EAST,21,1,21,79,22,5,12,0.417,1,1,1,11,19,0.579,15,11,26,2,6,3,4,9,3.76,1,0.24,0.05,0.52,0.71,0.52,1.2,0.1,0.29,0.14,0.19,0.43,0
Tony Snell,CHI,2013,EAST,22,9,77,1231,346,129,336,0.384,57,178,0.32,31,41,0.756,19,105,124,68,29,15,44,84,15.99,4.5,1.68,0.74,0.4,0.25,1.36,1.6,0.9,0.38,0.19,0.57,1.09,1
Torrey Craig,DEN,2017,WEST,27,5,39,629,163,62,137,0.453,17,58,0.293,22,35,0.629,40,87,127,25,12,15,20,63,16.13,4.2,1.59,0.44,0.56,1.03,2.23,3.3,0.6,0.31,0.38,0.51,1.62,1
Trae Young,ATL,2018,EAST,20,4,81,2503,1549,525,1256,0.418,156,482,0.324,343,414,0.829,64,237,301,653,72,15,308,140,30.9,19.1,6.48,1.93,4.23,0.79,2.93,3.7,8.1,0.89,0.19,3.8,1.73,1
Travis Wear,NYK,2014,EAST,24,2,51,672,199,84,209,0.402,11,30,0.367,20,26,0.769,31,75,106,40,15,11,35,55,13.18,3.9,1.65,0.22,0.39,0.61,1.47,2.1,0.8,0.29,0.22,0.69,1.08,0
Treveon Graham,CHO,2016,EAST,23,4,27,189,57,19,40,0.475,9,15,0.6,10,15,0.667,5,17,22,6,6,1,3,18,7,2.1,0.7,0.33,0.37,0.19,0.63,0.8,0.2,0.22,0.04,0.11,0.67,1
Trevon Duval,MIL,2019,EAST,20,1,3,6,5,2,3,0.667,1,1,1,0,0,0,0,1,1,2,0,0,0,0,2,1.7,0.67,0.33,0,0,0.33,0.3,0.7,0,0,0,0,0
Trey Burke,UTA,2013,WEST,21,9,70,2262,895,341,897,0.38,111,336,0.33,102,113,0.903,37,171,208,396,42,6,131,145,32.31,12.8,4.87,1.59,1.46,0.53,2.44,3,5.7,0.6,0.09,1.87,2.07,1
Trey Lyles,UTA,2015,WEST,20,7,80,1382,488,191,436,0.438,49,128,0.383,57,82,0.695,59,240,299,59,26,18,65,114,17.27,6.1,2.39,0.61,0.71,0.74,3,3.7,0.7,0.32,0.22,0.81,1.42,1
Troy Caupain,ORL,2018,EAST,23,1,4,16,10,4,8,0.5,2,3,0.667,0,0,0,1,2,3,4,1,0,0,0,4,2.5,1,0.5,0,0.25,0.5,0.8,1,0.25,0,0,0,0
Troy Daniels,HOU,2014,EAST,22,7,5,75,42,15,31,0.484,12,25,0.48,0,0,0,0,4,4,5,0,0,3,6,15,8.4,3,2.4,0,0,0.8,0.8,1,0,0,0.6,1.2,1
Troy Williams,MEM,2016,WEST,22,3,30,557,185,73,167,0.437,18,62,0.29,21,32,0.656,15,54,69,25,27,10,32,60,18.57,6.2,2.43,0.6,0.7,0.5,1.8,2.3,0.8,0.9,0.33,1.07,2,1
Tyler Cavanaugh,ATL,2017,EAST,23,2,39,518,183,67,152,0.441,32,89,0.36,17,21,0.81,45,82,127,27,9,4,14,61,13.28,4.7,1.72,0.82,0.44,1.15,2.1,3.3,0.7,0.23,0.1,0.36,1.56,0
Tyler Davis,OKC,2018,WEST,21,1,1,1,0,0,1,0,0,0,0,0,0,0,1,0,1,0,0,0,0,0,1,0,0,0,0,1,0,1,0,0,0,0,0,0
Tyler Dorsey,ATL,2017,EAST,21,2,56,974,405,144,382,0.377,72,199,0.362,45,63,0.714,17,113,130,79,17,5,37,63,17.39,7.2,2.57,1.29,0.8,0.3,2.02,2.3,1.4,0.3,0.09,0.66,1.12,0
Tyler Ennis,PHO,2014,WEST,20,4,33,411,121,52,144,0.361,12,43,0.279,5,7,0.714,7,28,35,73,18,5,42,36,12.45,3.7,1.58,0.36,0.15,0.21,0.85,1.1,2.2,0.55,0.15,1.27,1.09,1
Tyler Johnson,MIA,2015,EAST,22,8,32,603,190,70,167,0.419,18,48,0.375,32,47,0.681,14,67,81,42,33,9,30,42,18.84,5.9,2.19,0.56,1,0.44,2.09,2.5,1.3,1.03,0.28,0.94,1.31,1
Tyler Lydon,DEN,2017,WEST,21,2,1,2,0,0,0,0,0,0,0,0,0,0,0,0,0,0,0,0,0,0,2,0,0,0,0,0,0,0,0,0,0,0,0,0
Tyler Ulis,PHO,2016,WEST,21,3,61,1123,444,184,437,0.421,21,79,0.266,55,71,0.775,20,75,95,226,48,5,77,73,18.41,7.3,3.02,0.34,0.9,0.33,1.23,1.6,3.7,0.79,0.08,1.26,1.2,1
Tyrone Wallace,LAC,2018,WEST,23,3,30,851,291,110,247,0.445,10,40,0.25,61,78,0.782,21,84,105,71,27,13,46,83,28.37,9.7,3.67,0.33,2.03,0.7,2.8,3.5,2.4,0.9,0.43,1.53,2.77,1
Tyus Jones,MIN,2015,EAST,19,7,37,573,156,56,156,0.359,16,53,0.302,28,39,0.718,7,40,47,108,31,3,33,33,15.49,4.2,1.51,0.43,0.76,0.19,1.08,1.3,2.9,0.84,0.08,0.89,0.89,1
Vander Blue,BOS,2014,EAST,21,3,3,15,5,2,4,0.5,0,1,0,1,5,0.2,0,3,3,1,0,0,2,1,5,1.7,0.67,0,0.33,0,1,1,0.3,0,0,0.67,0.33,1
Victor Oladipo,ORL,2013,EAST,21,8,80,2487,1106,392,936,0.419,74,226,0.327,248,318,0.78,43,286,329,327,129,37,256,210,31.09,13.8,4.9,0.92,3.1,0.54,3.58,4.1,4.1,1.61,0.46,3.2,2.62,1
Vince Edwards,HOU,2018,EAST,22,1,2,16,3,1,4,0.25,1,4,0.25,0,0,0,1,1,2,0,0,0,0,0,8,1.5,0.5,0.5,0,0.5,0.5,1,0,0,0,0,0,0
Vince Hunter,MEM,2017,WEST,23,1,4,7,6,3,5,0.6,0,0,0,0,0,0,2,1,3,0,0,1,1,0,1.75,1.5,0.75,0,0,0.5,0.25,0.8,0,0,0.25,0.25,0,0
Walt Lemon Jr.,NOP,2018,WEST,25,2,5,35,17,7,16,0.438,1,1,1,2,3,0.667,0,2,2,5,0,1,4,5,7,3.4,1.4,0.2,0.4,0,0.4,0.4,1,0,0.2,0.8,1,0
Wendell Carter Jr.,CHI,2018,EAST,19,4,44,1110,455,180,371,0.485,6,32,0.188,89,112,0.795,87,220,307,78,26,58,65,152,25.23,10.3,4.09,0.14,2.02,1.98,5,7,1.8,0.59,1.32,1.48,3.45,1
Will Cherry,CLE,2014,EAST,23,1,8,69,15,5,19,0.263,2,9,0.222,3,6,0.5,1,4,5,8,6,1,4,10,8.62,1.9,0.62,0.25,0.38,0.12,0.5,0.6,1,0.75,0.12,0.5,1.25,0
Willie Cauley-Stein,SAC,2015,WEST,22,7,66,1412,463,191,339,0.563,0,2,0,81,125,0.648,134,218,352,37,48,66,46,146,21.39,7,2.89,0,1.23,2.03,3.3,5.3,0.6,0.73,1,0.7,2.21,1
Xavier Munford,MEM,2016,WEST,23,2,14,244,80,32,77,0.416,9,23,0.391,7,14,0.5,3,28,31,22,13,3,15,25,17.43,5.7,2.29,0.64,0.5,0.21,2,2.2,1.6,0.93,0.21,1.07,1.79,0
Xavier Rathan-Mayes,MEM,2018,WEST,23,1,5,118,29,12,42,0.286,1,14,0.071,4,9,0.444,0,5,5,18,6,3,11,18,23.6,5.8,2.4,0.2,0.8,0,1,1,3.6,1.2,0.6,2.2,3.6,0
Yante Maten,MIA,2019,EAST,22,1,2,13,2,1,4,0.25,0,1,0,0,0,0,1,2,3,0,1,0,0,0,6.5,1,0.5,0,0,0.5,1,1.5,0,0.5,0,0,0,0
Yogi Ferrell,BRK,2016,EAST,23,5,46,1197,462,160,394,0.406,68,176,0.386,74,89,0.831,20,91,111,172,42,9,70,90,26.02,10,3.48,1.48,1.61,0.43,1.98,2.4,3.7,0.91,0.2,1.52,1.96,1
Yuta Watanabe,MEM,2018,WEST,24,4,15,174,39,15,51,0.294,2,16,0.125,7,10,0.7,4,27,31,8,4,1,6,11,11.6,2.6,1,0.13,0.47,0.27,1.8,2.1,0.5,0.27,0.07,0.4,0.73,1
Zach Collins,POR,2017,WEST,20,4,66,1045,292,115,289,0.398,35,113,0.31,27,42,0.643,45,176,221,52,17,31,58,133,15.83,4.4,1.74,0.53,0.41,0.68,2.67,3.3,0.8,0.26,0.47,0.88,2.02,1
Zach LaVine,MIN,2014,EAST,19,8,77,1902,778,286,677,0.422,57,167,0.341,149,177,0.842,27,187,214,276,54,10,193,158,24.7,10.1,3.71,0.74,1.94,0.35,2.43,2.8,3.6,0.7,0.13,2.51,2.05,1
Zach Lofton,DET,2018,EAST,26,1,1,4,0,0,1,0,0,1,0,0,0,0,0,0,0,0,1,0,1,0,4,0,0,0,0,0,0,0,0,1,0,1,0,0
Zhaire Smith,PHI,2019,EAST,19,2,6,111,40,14,34,0.412,6,16,0.375,6,8,0.75,3,10,13,10,2,2,6,8,18.5,6.7,2.33,1,1,0.5,1.67,2.2,1.7,0.33,0.33,1,1.33,0
